Date,Time,VFAS(V),A4(V),Curr(A),Fuel(%),Hdg(@),Tmp1(@C),Tmp1(@C),RSSI(dB),RxBt(V),Rud,Ele,Thr,Ail,S1,6P,S2,EX1,EX2,LS,RS,SA,SB,SC,SD,SE,SF,SG,SH,LSW,TxBat(V)
2020-02-02,00:00:46.980,0.00,0.00,0.0,0,0.00,0,0,87,4.6,-15,8,-1024,12,-1024,204,-1,0,0,73,0,-1,-1,0,-1,0,-1,-1,-1,0x0000000000000920,7.7
2020-02-02,00:00:47.470,0.00,0.00,0.0,0,0.00,0,0,89,4.6,-15,9,-1024,12,-1024,204,-2,0,0,73,0,-1,-1,0,-1,0,-1,-1,-1,0x0000000000000920,7.7
2020-02-02,00:00:47.970,0.00,0.00,0.0,0,0.00,0,0,88,4.6,-15,9,-1024,12,-1024,204,-2,0,0,73,0,-1,-1,0,-1,0,-1,-1,-1,0x0000000000000920,7.7
2020-02-02,00:00:51.080,0.00,0.00,0.0,0,0.00,0,0,88,4.6,-15,9,-1024,12,-1024,204,-2,0,0,73,0,-1,-1,0,-1,0,-1,-1,-1,0x0000000000000920,7.7
2020-02-02,00:00:51.570,0.00,0.00,0.0,0,0.00,0,0,85,4.6,-15,9,-1024,12,-1024,204,-1,0,0,73,0,-1,-1,0,-1,0,-1,-1,-1,0x0000000000000920,7.7
2020-02-02,00:00:52.070,0.00,0.00,0.0,0,0.00,0,0,86,4.6,-15,8,-1024,12,-1024,204,-2,0,0,73,0,-1,-1,0,-1,-1,-1,-1,-1,0x0000000000000920,7.7
2020-02-02,00:01:15.690,0.00,0.00,0.0,0,0.00,0,0,85,4.6,-15,9,-1024,12,-1024,204,-2,0,0,73,0,-1,-1,0,-1,0,-1,-1,-1,0x0000000000000920,7.7
2020-02-02,00:01:16.180,0.00,0.00,0.0,0,0.00,0,0,88,4.6,-15,9,-1024,12,-1024,204,-2,0,0,73,0,-1,-1,0,-1,0,-1,-1,-1,0x0000000000000920,7.7
2020-02-02,00:01:16.680,0.00,0.00,0.0,0,0.00,0,0,89,4.6,-15,9,-1024,12,-1024,204,-2,0,0,73,0,-1,-1,0,-1,0,-1,-1,-1,0x0000000000000920,7.7
2020-02-02,00:01:17.180,0.00,0.00,0.0,0,0.00,0,0,85,4.6,-15,8,-1024,12,-1024,204,-1,0,0,72,0,-1,-1,0,-1,0,-1,-1,-1,0x0000000000000920,7.7
2020-02-02,00:01:17.680,0.00,0.00,0.0,0,0.00,0,0,82,4.6,-15,9,-1024,12,-1024,204,-2,0,0,73,-1,-1,-1,0,-1,0,-1,-1,-1,0x0000000000000920,7.7
2020-02-02,00:01:18.180,0.00,0.00,0.0,0,0.00,0,0,85,4.6,-7,9,-1024,12,-1024,204,-1,0,0,73,0,-1,-1,0,-1,0,-1,-1,-1,0x0000000000000920,7.7
2020-02-02,00:01:18.680,0.00,0.00,0.0,0,0.00,0,0,87,4.6,9,9,-690,12,-1024,204,-1,0,0,73,0,-1,-1,0,-1,0,-1,-1,-1,0x0000000000000930,7.7
2020-02-02,00:01:19.180,0.00,0.00,0.0,0,0.00,0,0,83,4.6,-4,9,-1024,10,-1024,204,-2,0,0,73,0,-1,-1,0,-1,0,-1,-1,-1,0x0000000000000920,7.7
2020-02-02,00:01:19.680,0.00,0.00,0.0,0,0.00,0,0,80,4.6,30,8,-1024,7,-1024,204,-2,0,0,73,0,-1,-1,0,-1,0,-1,-1,-1,0x0000000000000920,7.7
2020-02-02,00:01:20.180,0.00,0.00,0.0,0,0.00,0,0,85,4.6,-6,9,-1024,12,-1024,204,-1,0,0,73,0,-1,-1,0,-1,0,-1,-1,-1,0x0000000000000920,7.7
2020-02-02,00:01:20.680,0.00,0.00,0.0,0,0.00,0,0,90,4.6,34,4,-1024,10,-1024,204,-1,0,0,73,0,-1,-1,0,-1,0,-1,-1,-1,0x0000000000000920,7.7
2020-02-02,00:01:21.180,0.00,0.00,0.0,0,0.00,0,0,84,4.6,-70,9,-1003,10,-1024,204,-1,0,0,73,0,-1,-1,0,-1,0,-1,-1,-1,0x0000000000000930,7.7
2020-02-02,00:01:21.680,0.00,0.00,0.0,0,0.00,0,0,85,4.6,43,9,-1008,10,-1024,204,-2,0,0,72,0,-1,-1,0,-1,0,-1,-1,-1,0x0000000000000930,7.7
2020-02-02,00:01:22.180,0.00,0.00,0.0,0,0.00,0,0,87,4.6,370,9,-1006,10,-1024,204,-2,0,0,73,0,-1,-1,0,-1,0,-1,-1,-1,0x0000000000000930,7.7
2020-02-02,00:01:22.680,0.00,0.00,0.0,0,0.00,0,0,84,4.6,1024,9,-744,10,-1024,204,-2,0,0,73,0,-1,-1,0,-1,0,-1,-1,-1,0x0000000000000930,7.7
2020-02-02,00:01:23.180,0.00,0.00,0.0,0,0.00,0,0,84,4.6,-261,9,-1024,10,-1024,204,-2,0,0,73,0,-1,-1,0,-1,0,-1,-1,-1,0x0000000000000920,7.7
2020-02-02,00:01:23.680,0.00,0.00,0.0,0,0.00,0,0,84,4.6,-16,9,-1024,10,-1024,204,-2,0,0,73,0,-1,-1,0,-1,0,-1,-1,-1,0x0000000000000920,7.7
2020-02-02,00:01:24.180,0.00,0.00,0.0,0,0.00,0,0,83,4.6,-15,9,-1024,10,-1024,204,-2,0,0,73,0,-1,-1,0,-1,0,-1,-1,-1,0x0000000000000920,7.7
2020-02-02,00:01:24.680,0.00,0.00,0.0,0,0.00,0,0,87,4.6,996,9,-1024,10,-1024,204,-2,0,0,72,0,-1,-1,0,-1,0,-1,-1,-1,0x0000000000000920,7.7
2020-02-02,00:01:25.180,0.00,0.00,0.0,0,0.00,0,0,85,4.6,41,9,-1024,10,-1024,204,-1,0,0,73,0,-1,-1,0,-1,0,-1,-1,-1,0x0000000000000920,7.7
2020-02-02,00:01:25.680,0.00,0.00,0.0,0,0.00,0,0,84,4.6,-10,9,-1024,10,-1024,204,-2,0,0,72,0,-1,-1,0,-1,0,-1,-1,-1,0x0000000000000920,7.7
2020-02-02,00:01:29.790,0.00,0.00,0.0,0,0.00,0,0,86,4.6,-15,9,-1024,10,-1024,204,-2,0,0,73,0,-1,-1,0,-1,0,-1,-1,-1,0x0000000000000920,7.7
2020-02-02,00:01:30.280,0.00,0.00,0.0,0,0.00,0,0,86,4.6,-15,9,-1024,10,-1024,204,-2,0,0,73,0,-1,-1,0,-1,0,-1,-1,-1,0x0000000000000920,7.7
2020-02-02,00:01:30.780,0.00,0.00,0.0,0,0.00,0,0,82,4.6,-15,9,-1024,10,-1024,204,-1,0,0,73,0,-1,-1,0,-1,0,-1,-1,-1,0x0000000000000920,7.7
2020-02-02,00:01:31.280,0.00,0.00,0.0,0,0.00,0,0,84,4.6,-15,9,-1024,10,-1024,204,-2,0,0,73,0,-1,-1,0,-1,0,-1,-1,-1,0x0000000000000920,7.7
2020-02-02,00:01:31.780,0.00,0.00,0.0,0,0.00,0,0,87,4.6,-15,158,-1024,10,-1024,204,-2,0,0,72,0,-1,-1,0,-1,0,-1,-1,-1,0x0000000000000920,7.7
2020-02-02,00:01:32.280,0.00,0.00,0.0,0,0.00,0,0,83,4.6,-15,9,-1024,10,-1024,204,-2,0,0,73,0,-1,-1,0,-1,0,-1,-1,-1,0x0000000000000920,7.7
2020-02-02,00:01:32.780,0.00,0.00,0.0,0,0.00,0,0,82,4.6,-15,9,-1024,10,-1024,204,-2,0,0,73,0,-1,-1,0,-1,0,-1,-1,-1,0x0000000000000920,7.7
2020-02-02,00:01:33.280,0.00,0.00,0.0,0,0.00,0,0,87,4.6,-15,9,-1024,10,-1024,204,-1,0,0,73,-1,-1,-1,0,-1,0,-1,-1,-1,0x0000000000000920,7.7
2020-02-02,00:01:33.780,0.00,0.00,0.0,0,0.00,0,0,87,4.6,-15,40,-1024,10,-1024,204,-2,0,0,73,0,-1,-1,0,-1,0,-1,-1,-1,0x0000000000000920,7.7
2020-02-02,00:01:34.280,0.00,0.00,0.0,0,0.00,0,0,85,4.6,-15,9,-1024,10,-1024,204,-1,0,0,73,0,-1,-1,0,-1,0,-1,-1,-1,0x0000000000000920,7.7
2020-02-02,00:01:34.780,0.00,0.00,0.0,0,0.00,0,0,84,4.6,-15,9,-1024,10,-1024,204,-2,0,0,73,0,-1,-1,0,-1,0,-1,-1,-1,0x0000000000000920,7.7
2020-02-02,00:01:35.280,0.00,0.00,0.0,0,0.00,0,0,86,4.6,-15,9,-1024,9,-1024,204,-2,0,0,73,0,-1,-1,0,-1,0,-1,-1,-1,0x0000000000000920,7.7
2020-02-02,00:01:35.780,0.00,0.00,0.0,0,0.00,0,0,82,4.6,-15,9,-1024,10,-1024,204,-2,0,0,73,0,-1,-1,0,-1,0,-1,-1,-1,0x0000000000000920,7.7
2020-02-02,00:01:36.280,0.00,0.00,0.0,0,0.00,0,0,79,4.6,-15,9,-1024,10,-1024,204,-2,0,0,73,0,-1,-1,0,-1,0,-1,-1,-1,0x0000000000000920,7.7
2020-02-02,00:01:36.780,0.00,0.00,0.0,0,0.00,0,0,83,4.6,-15,9,-1024,10,-1024,204,-2,0,0,72,-1,-1,-1,0,-1,0,-1,-1,-1,0x0000000000000920,7.7
2020-02-02,00:01:37.280,0.00,0.00,0.0,0,0.00,0,0,85,4.6,-15,9,-1024,10,-1024,204,-1,0,0,73,0,-1,-1,0,-1,0,-1,-1,-1,0x0000000000000920,7.7
2020-02-02,00:01:37.780,0.00,0.00,0.0,0,0.00,0,0,73,4.6,-15,67,-1024,10,-1024,204,-2,0,0,73,0,-1,-1,0,-1,0,-1,-1,-1,0x0000000000000920,7.7
2020-02-02,00:01:38.280,0.00,0.00,0.0,0,0.00,0,0,81,4.6,-15,324,-1024,10,-1024,204,-2,0,0,73,-1,-1,-1,0,-1,0,-1,-1,-1,0x0000000000000920,7.7
2020-02-02,00:01:38.780,0.00,0.00,0.0,0,0.00,0,0,86,4.6,-15,9,-1024,10,-1024,204,-1,0,0,73,0,-1,-1,0,-1,0,-1,-1,-1,0x0000000000000920,7.7
2020-02-02,00:01:39.280,0.00,0.00,0.0,0,0.00,0,0,79,4.6,-15,25,-1024,10,-1024,204,-2,0,0,73,0,-1,-1,0,-1,0,-1,-1,-1,0x0000000000000920,7.7
2020-02-02,00:01:39.780,0.00,0.00,0.0,0,0.00,0,0,79,4.6,-15,9,-1024,10,-1024,204,-2,0,0,73,0,-1,-1,0,-1,0,-1,-1,-1,0x0000000000000920,7.7
2020-02-02,00:01:40.280,0.00,0.00,0.0,0,0.00,0,0,83,4.6,-15,9,-1024,10,-1024,204,-2,0,0,73,0,-1,-1,0,-1,0,-1,-1,-1,0x0000000000000920,7.7
2020-02-02,00:01:40.780,0.00,0.00,0.0,0,0.00,0,0,85,4.6,-15,9,-1024,10,-1024,204,-2,0,0,72,0,-1,-1,0,-1,0,-1,-1,-1,0x0000000000000920,7.7
2020-02-02,00:01:41.280,0.00,0.00,0.0,0,0.00,0,0,82,4.6,-15,9,-1024,10,-1024,204,-2,0,0,73,0,-1,-1,0,-1,0,-1,-1,-1,0x0000000000000920,7.7
2020-02-02,00:01:41.780,0.00,0.00,0.0,0,0.00,0,0,85,4.6,-15,9,-1024,10,-1024,204,-2,0,0,73,0,-1,-1,0,-1,0,-1,-1,-1,0x0000000000000920,7.7
2020-02-02,00:01:42.280,0.00,0.00,0.0,0,0.00,0,0,88,4.6,-15,-191,-1024,12,-1024,204,-1,0,0,73,0,-1,-1,0,-1,0,-1,-1,-1,0x0000000000000920,7.7
2020-02-02,00:01:42.780,0.00,0.00,0.0,0,0.00,0,0,84,4.6,-15,8,-1024,10,-1024,204,-1,0,0,73,-1,-1,-1,0,-1,0,-1,-1,-1,0x0000000000000920,7.7
2020-02-02,00:01:43.280,0.00,0.00,0.0,0,0.00,0,0,81,4.6,-15,8,-1024,10,-1024,204,-1,0,0,73,0,-1,-1,0,-1,0,-1,-1,-1,0x0000000000000920,7.7
2020-02-02,00:01:43.780,0.00,0.00,0.0,0,0.00,0,0,85,4.6,-15,-229,-1024,53,-1024,204,-2,0,0,73,0,-1,-1,0,-1,0,-1,-1,-1,0x0000000000000920,7.7
2020-02-02,00:01:44.280,0.00,0.00,0.0,0,0.00,0,0,88,4.6,-15,-445,-1024,96,-1024,204,-2,0,0,73,0,-1,-1,0,-1,0,-1,-1,-1,0x0000000000000920,7.7
2020-02-02,00:01:44.780,0.00,0.00,0.0,0,0.00,0,0,82,4.6,-15,-107,-1024,15,-1024,204,-2,0,0,73,0,-1,-1,0,-1,0,-1,-1,-1,0x0000000000000920,7.7
2020-02-02,00:01:45.280,0.00,0.00,0.0,0,0.00,0,0,84,4.6,-15,-359,-1024,48,-1024,204,-1,0,0,73,0,-1,-1,0,-1,0,-1,-1,-1,0x0000000000000920,7.7
2020-02-02,00:01:45.780,0.00,0.00,0.0,0,0.00,0,0,89,4.6,-15,-478,-1024,90,-1024,204,-1,0,0,73,0,-1,-1,0,-1,0,-1,-1,-1,0x0000000000000920,7.7
2020-02-02,00:01:46.280,0.00,0.00,0.0,0,0.00,0,0,85,4.6,-15,6,-1024,12,-1024,204,-1,0,0,73,-1,-1,-1,0,-1,0,-1,-1,-1,0x0000000000000920,7.7
2020-02-02,00:01:46.780,0.00,0.00,0.0,0,0.00,0,0,82,4.6,-15,-769,-1024,201,-1024,204,-2,0,0,73,0,-1,-1,0,-1,0,-1,-1,-1,0x0000000000000920,7.7
2020-02-02,00:01:47.280,0.00,0.00,0.0,0,0.00,0,0,85,4.6,-15,8,-1024,10,-1024,204,-2,0,0,73,0,-1,-1,0,-1,0,-1,-1,-1,0x0000000000000920,7.7
2020-02-02,00:01:47.780,0.00,0.00,0.0,0,0.00,0,0,88,4.6,-15,8,-1024,10,-1024,204,-2,0,0,73,0,-1,-1,0,-1,0,-1,-1,-1,0x0000000000000920,7.7
2020-02-02,00:01:48.280,0.00,0.00,0.0,0,0.00,0,0,82,4.6,-15,8,-1024,10,-1024,204,-1,0,0,73,0,-1,-1,0,-1,0,-1,-1,-1,0x0000000000000920,7.7
2020-02-02,00:01:48.780,0.00,0.00,0.0,0,0.00,0,0,83,4.6,-15,9,-1024,10,-1024,204,-1,0,0,73,0,-1,-1,0,-1,0,-1,-1,-1,0x0000000000000920,7.7
2020-02-02,00:01:49.280,0.00,0.00,0.0,0,0.00,0,0,79,4.6,-15,8,-1024,10,-1024,204,-2,0,0,73,0,-1,-1,0,-1,0,-1,-1,-1,0x0000000000000920,7.7
2020-02-02,00:01:49.780,0.00,0.00,0.0,0,0.00,0,0,88,4.6,-15,9,-1024,10,-1024,204,-1,0,0,73,0,-1,-1,0,-1,0,-1,-1,-1,0x0000000000000920,7.7
2020-02-02,00:01:50.280,0.00,0.00,0.0,0,0.00,0,0,83,4.6,-15,9,-1024,10,-1024,204,-2,0,0,73,0,-1,-1,0,-1,0,-1,-1,-1,0x0000000000000920,7.7
2020-02-02,00:01:50.780,0.00,0.00,0.0,0,0.00,0,0,84,4.6,-15,8,-1024,12,-1024,204,-2,0,0,72,0,-1,-1,0,-1,0,-1,-1,-1,0x0000000000000920,7.7
2020-02-02,00:01:51.280,0.00,0.00,0.0,0,0.00,0,0,88,4.6,-15,8,-1024,10,-1024,204,-1,0,0,73,0,-1,-1,0,-1,0,-1,-1,-1,0x0000000000000920,7.7
2020-02-02,00:01:51.780,0.00,0.00,0.0,0,0.00,0,0,84,4.6,-15,-715,-1024,243,-1024,204,-1,0,0,73,0,-1,-1,0,-1,0,-1,-1,-1,0x0000000000000920,7.7
2020-02-02,00:01:52.280,0.00,0.00,0.0,0,0.00,0,0,83,4.6,-16,8,-1024,10,-1024,204,-1,0,0,73,0,-1,-1,0,-1,0,-1,-1,-1,0x0000000000000920,7.7
2020-02-02,00:01:52.780,0.00,0.00,0.0,0,0.00,0,0,78,4.6,-15,8,-1024,10,-1024,204,-2,0,0,73,0,-1,-1,0,-1,0,-1,-1,-1,0x0000000000000920,7.7
2020-02-02,00:01:53.280,0.00,0.00,0.0,0,0.00,0,0,84,4.6,-15,-999,-1024,152,-1024,204,-2,0,0,73,0,-1,-1,0,-1,0,-1,-1,-1,0x0000000000000920,7.7
2020-02-02,00:01:53.780,0.00,0.00,0.0,0,0.00,0,0,80,4.6,-15,8,-1024,10,-1024,204,-2,0,0,73,0,-1,-1,0,-1,0,-1,-1,-1,0x0000000000000920,7.7
2020-02-02,00:01:54.280,0.00,0.00,0.0,0,0.00,0,0,82,4.6,-15,9,-1024,10,-1024,204,-2,0,0,73,0,-1,-1,0,-1,0,-1,-1,-1,0x0000000000000920,7.7
2020-02-02,00:01:54.780,0.00,0.00,0.0,0,0.00,0,0,88,4.6,-15,11,-1024,12,-1024,204,-2,0,0,73,0,-1,-1,0,-1,0,-1,-1,-1,0x0000000000000920,7.7
2020-02-02,00:01:55.280,0.00,0.00,0.0,0,0.00,0,0,83,4.6,-15,11,-1024,10,-1024,204,-1,0,0,73,0,-1,-1,0,-1,0,-1,-1,-1,0x0000000000000920,7.7
2020-02-02,00:01:55.780,0.00,0.00,0.0,0,0.00,0,0,82,4.6,-15,112,-1024,614,-1024,204,-1,0,0,73,0,-1,-1,0,-1,0,-1,-1,-1,0x0000000000000920,7.7
2020-02-02,00:01:56.280,0.00,0.00,0.0,0,0.00,0,0,83,4.6,-15,9,-1024,12,-1024,204,-2,0,0,73,0,-1,-1,0,-1,0,-1,-1,-1,0x0000000000000920,7.7
2020-02-02,00:01:56.780,0.00,0.00,0.0,0,0.00,0,0,83,4.6,-15,11,-1024,12,-1024,204,-1,0,0,73,0,-1,-1,0,-1,0,-1,-1,-1,0x0000000000000920,7.7
2020-02-02,00:01:57.280,0.00,0.00,0.0,0,0.00,0,0,79,4.6,-15,11,-1024,12,-1024,204,-2,0,0,73,0,-1,-1,0,-1,0,-1,-1,-1,0x0000000000000920,7.7
2020-02-02,00:01:59.440,0.00,0.00,0.0,0,0.00,0,0,78,4.6,-15,9,-1024,12,-1024,204,-2,0,0,73,0,-1,-1,0,-1,0,-1,-1,-1,0x0000000000000920,7.7
2020-02-02,00:01:59.930,0.00,0.00,0.0,0,0.00,0,0,81,4.6,-15,9,-1024,12,-1024,204,-2,0,0,73,0,-1,-1,0,-1,0,-1,-1,-1,0x0000000000000920,7.7
2020-02-02,00:02:00.430,0.00,0.00,0.0,0,0.00,0,0,82,4.6,-15,9,-1024,-1000,-1024,204,-2,0,0,73,0,-1,-1,0,-1,0,-1,-1,-1,0x0000000000000920,7.7
2020-02-02,00:02:00.930,0.00,0.00,0.0,0,0.00,0,0,77,4.6,-15,9,-1024,10,-1024,204,-2,0,0,73,0,-1,-1,0,-1,0,-1,-1,-1,0x0000000000000920,7.7
2020-02-02,00:02:01.430,0.00,0.00,0.0,0,0.00,0,0,82,4.6,-15,9,-1024,10,-1024,204,-2,0,0,73,0,-1,-1,0,-1,-1,-1,-1,-1,0x0000000000000920,7.7
2020-02-02,00:02:02.790,0.00,0.00,0.0,0,0.00,0,0,84,4.6,-15,9,-1024,9,-1024,204,-2,0,0,73,0,-1,-1,0,-1,0,-1,-1,-1,0x0000000000000920,7.7
2020-02-02,00:02:03.280,0.00,0.00,0.0,0,0.00,0,0,75,4.6,-15,9,-1024,10,-1024,204,-2,0,0,73,0,-1,-1,0,-1,0,-1,-1,-1,0x0000000000000920,7.7
2020-02-02,00:02:03.780,0.00,0.00,0.0,0,0.00,0,0,82,4.6,1024,9,-1024,9,-1024,204,-1,0,0,73,-1,-1,-1,0,-1,0,-1,-1,-1,0x0000000000000920,7.7
2020-02-02,00:02:04.280,0.00,0.00,0.0,0,0.00,0,0,83,4.6,-680,11,142,10,-1024,204,-2,0,0,72,0,-1,-1,0,-1,0,-1,-1,-1,0x0000000000000930,7.7
2020-02-02,00:02:04.780,0.00,0.00,0.0,0,0.00,0,0,77,4.6,-13,9,-1024,9,-1024,204,-2,0,0,73,-1,-1,-1,0,-1,0,-1,-1,-1,0x0000000000000920,7.7
2020-02-02,00:02:05.280,0.00,0.00,0.0,0,0.00,0,0,80,4.6,-15,11,-1024,6,-1024,204,-2,0,0,73,0,-1,-1,0,-1,0,-1,-1,-1,0x0000000000000920,7.7
2020-02-02,13:58:15.780,0.00,0.00,0.0,0,0.00,0,0,82,4.6,-16,9,-1024,12,-1024,204,-2,0,0,73,-1,-1,-1,0,-1,0,-1,-1,-1,0x0000000000000920,7.7
2020-02-02,13:58:16.280,0.00,0.00,0.0,0,0.00,0,0,83,4.6,-16,9,-1024,12,-1024,204,-2,0,0,73,0,-1,-1,0,-1,0,-1,-1,-1,0x0000000000000920,7.7
2020-02-02,13:58:16.780,0.00,0.00,0.0,0,0.00,0,0,82,4.6,-16,9,-1024,12,-1024,204,-2,0,0,72,-1,-1,-1,0,-1,-1,-1,-1,-1,0x0000000000000920,7.7
2020-02-02,13:58:47.340,0.00,0.00,0.0,0,0.00,0,0,91,4.6,-15,9,-1024,12,-1024,204,-2,0,0,73,0,-1,-1,0,-1,-1,-1,-1,-1,0x0000000000000920,7.7
2020-02-02,13:58:47.830,0.00,0.00,0.0,0,0.00,0,0,89,4.6,-15,9,-1024,12,-1024,204,-1,0,0,73,0,-1,-1,0,-1,-1,-1,-1,-1,0x0000000000000920,7.7
2020-02-02,13:58:48.340,0.00,0.00,0.0,0,0.00,0,0,91,4.6,-15,9,-1024,12,-1024,204,-2,0,0,73,-1,-1,-1,0,-1,-1,-1,-1,-1,0x0000000000000920,7.7
2020-02-02,13:58:49.290,0.00,0.00,0.0,0,0.00,0,0,85,4.6,-15,11,-1024,12,-1024,204,-2,0,0,73,0,-1,-1,0,-1,-1,-1,-1,-1,0x0000000000000920,7.7
2020-02-02,13:58:49.790,0.00,0.00,0.0,0,0.00,0,0,85,4.6,-16,9,-1024,12,-1024,204,-2,0,0,73,0,-1,-1,0,-1,-1,-1,-1,-1,0x0000000000000920,7.7
2020-02-02,13:58:50.290,0.00,0.00,0.0,0,0.00,0,0,90,4.6,-15,11,-1024,12,-1024,204,-2,0,0,73,0,-1,-1,0,-1,-1,-1,-1,-1,0x0000000000000920,7.7
2020-02-02,13:58:51.100,0.00,0.00,0.0,0,0.00,0,0,90,4.6,-15,9,-1024,12,-1024,204,-2,0,0,73,-1,-1,-1,0,-1,-1,-1,-1,-1,0x0000000000000920,7.7
2020-02-02,13:58:51.590,0.00,0.00,0.0,0,0.00,0,0,87,4.6,-15,9,-1024,12,-1024,204,-2,0,0,73,0,-1,-1,0,-1,-1,-1,-1,-1,0x0000000000000920,7.7
2020-02-02,13:58:52.090,0.00,0.00,0.0,0,0.00,0,0,87,4.6,-15,11,-1024,12,-1024,204,-2,0,0,73,0,-1,-1,0,-1,-1,-1,-1,-1,0x0000000000000920,7.7
2020-02-02,13:58:52.590,0.00,0.00,0.0,0,0.00,0,0,89,4.6,-16,11,-1024,12,-1024,204,-2,0,0,73,0,-1,-1,0,-1,-1,-1,-1,-1,0x0000000000000920,7.7
2020-02-02,13:58:53.090,0.00,0.00,0.0,0,0.00,0,0,88,4.6,-16,9,-1024,12,-1024,204,-2,0,0,72,0,-1,-1,0,-1,-1,-1,-1,-1,0x0000000000000920,7.7
2020-02-02,13:58:53.850,0.00,0.00,0.0,0,0.00,0,0,93,4.6,-16,9,-1024,12,-1024,204,-2,0,0,73,0,-1,-1,0,-1,-1,-1,-1,-1,0x0000000000000920,7.7
2020-02-02,13:58:54.340,0.00,0.00,0.0,0,0.00,0,0,89,4.6,-16,9,-1024,12,-1024,204,-2,0,0,73,-1,-1,-1,0,-1,-1,-1,-1,-1,0x0000000000000920,7.7
2020-02-02,13:59:02.150,0.00,0.00,0.0,0,0.00,0,0,90,4.6,-16,9,-1024,12,-1024,204,-2,0,0,73,0,-1,-1,0,-1,-1,-1,-1,-1,0x0000000000000920,7.7
2020-02-02,13:59:02.650,0.00,0.00,0.0,0,0.00,0,0,88,4.6,-15,9,-1024,12,-1024,204,-2,0,0,73,-1,-1,-1,0,-1,-1,-1,-1,-1,0x0000000000000920,7.7
2020-02-02,13:59:03.150,0.00,0.00,0.0,0,0.00,0,0,89,4.6,-15,9,-1024,12,-1024,204,-2,0,0,73,-1,-1,-1,0,-1,-1,-1,-1,-1,0x0000000000000920,7.7
2020-02-02,18:07:15.910,0.00,0.00,0.0,0,0.00,0,0,92,4.4,-16,11,-1024,10,-1024,1023,-2,0,0,-4,0,-1,-1,0,-1,-1,-1,-1,-1,0x0000000000000920,7.6
2020-02-02,18:07:16.400,0.00,0.00,0.0,0,0.00,0,0,93,4.4,-18,9,-1024,10,-1024,1023,-2,0,0,-4,0,-1,-1,0,-1,-1,-1,-1,-1,0x0000000000000920,7.6
2020-02-02,18:07:16.900,0.00,0.00,0.0,0,0.00,0,0,91,4.4,-16,9,-1024,10,-1024,1023,-2,0,0,-4,0,-1,-1,0,-1,-1,-1,-1,-1,0x0000000000000920,7.6
2020-02-02,18:07:17.400,0.00,0.00,0.0,0,0.00,0,0,92,4.4,-18,9,-1024,10,-1024,1023,-2,0,0,-4,0,-1,-1,0,-1,-1,-1,-1,-1,0x0000000000000920,7.6
2020-02-02,18:07:17.900,0.00,0.00,0.0,0,0.00,0,0,95,4.4,-18,9,-1024,10,-1024,1023,-2,0,0,-4,0,-1,-1,0,-1,-1,-1,-1,-1,0x0000000000000920,7.6
2020-02-02,18:07:18.400,0.00,0.00,0.0,0,0.00,0,0,95,4.4,-16,9,-1024,10,-1024,1023,-2,0,0,-4,0,-1,-1,0,-1,-1,-1,-1,-1,0x0000000000000920,7.6
2020-02-02,18:07:18.900,0.00,0.00,0.0,0,0.00,0,0,94,4.4,-321,9,-1024,10,-1024,1023,-2,0,0,-4,0,-1,-1,0,-1,-1,-1,-1,-1,0x0000000000000920,7.6
2020-02-02,18:07:19.400,0.00,0.00,0.0,0,0.00,0,0,95,4.4,-1020,975,1007,819,-1024,1023,-2,0,0,-4,0,-1,-1,0,-1,-1,-1,-1,-1,0x0000000000000930,7.6
2020-02-02,18:07:19.900,0.00,0.00,0.0,0,0.00,0,0,96,4.4,497,990,1024,-756,-1024,1023,-2,0,0,-4,0,-1,-1,0,-1,-1,-1,-1,-1,0x0000000000000930,7.6
2020-02-02,18:07:20.400,0.00,0.00,0.0,0,0.00,0,0,94,4.4,910,-1000,-1024,-798,-1024,1023,-2,0,0,-4,0,-1,-1,0,-1,-1,-1,-1,-1,0x0000000000000920,7.6
2020-02-02,18:07:20.900,0.00,0.00,0.0,0,0.00,0,0,93,4.4,-1024,817,791,1010,-1024,1023,-2,0,0,-4,0,-1,-1,0,-1,-1,-1,-1,-1,0x0000000000000930,7.6
2020-02-02,18:07:21.400,0.00,0.00,0.0,0,0.00,0,0,95,4.4,746,717,1024,-1024,-1024,1023,-2,0,0,-4,0,-1,-1,0,-1,-1,-1,-1,-1,0x0000000000000930,7.6
2020-02-02,18:07:21.900,0.00,0.00,0.0,0,0.00,0,0,94,4.4,32,-1007,-1024,122,-1024,1023,-2,0,0,-4,0,-1,-1,0,-1,-1,-1,-1,-1,0x0000000000000920,7.6
2020-02-02,18:07:22.400,0.00,0.00,0.0,0,0.00,0,0,92,4.4,-925,1007,1024,559,-1024,1023,-2,0,0,-4,0,-1,-1,0,-1,-1,-1,-1,-1,0x0000000000000930,7.6
2020-02-02,18:07:22.900,0.00,0.00,0.0,0,0.00,0,0,96,4.4,1024,496,1024,-1024,-1024,1023,-2,0,0,-4,0,-1,-1,0,-1,-1,-1,-1,-1,0x0000000000000930,7.6
2020-02-02,18:07:23.400,0.00,0.00,0.0,0,0.00,0,0,96,4.4,-287,-1008,-1024,570,-1024,1023,-2,0,0,-4,0,-1,-1,0,-1,-1,-1,-1,-1,0x0000000000000920,7.6
2020-02-02,18:07:23.900,0.00,0.00,0.0,0,0.00,0,0,92,4.4,-791,1014,1024,320,-1024,1023,-2,0,0,-4,0,-1,-1,0,-1,-1,-1,-1,-1,0x0000000000000930,7.6
2020-02-02,18:07:24.400,0.00,0.00,0.0,0,0.00,0,0,96,4.4,1024,-234,842,-1024,-1024,1023,-2,0,0,-4,0,-1,-1,0,-1,-1,-1,-1,-1,0x0000000000000930,7.6
2020-02-02,18:07:24.900,0.00,0.00,0.0,0,0.00,0,0,95,4.4,-1024,-245,-823,1024,-1024,1023,-2,0,0,-4,0,-1,-1,0,-1,-1,-1,-1,-1,0x0000000000000930,7.6
2020-02-02,18:07:25.400,0.00,0.00,0.0,0,0.00,0,0,93,4.4,-247,19,197,-31,-1024,1023,-2,0,0,-4,0,-1,-1,0,-1,-1,-1,-1,-1,0x0000000000000930,7.6
2020-02-02,18:07:25.900,0.00,0.00,0.0,0,0.00,0,0,94,4.4,-18,3,28,10,-1024,1023,-2,0,0,-4,0,-1,-1,0,-1,-1,-1,-1,-1,0x0000000000000930,7.6
2020-02-02,18:07:26.400,0.00,0.00,0.0,0,0.00,0,0,95,4.4,-16,9,27,12,-1024,1023,-2,0,0,-4,0,-1,-1,0,-1,-1,-1,-1,-1,0x0000000000000930,7.6
2020-02-02,18:07:26.900,0.00,0.00,0.0,0,0.00,0,0,93,4.4,-16,9,-19,12,-1024,1023,-2,0,0,-3,0,-1,-1,0,-1,-1,-1,-1,-1,0x0000000000000930,7.6
2020-02-02,18:07:27.400,0.00,0.00,0.0,0,0.00,0,0,93,4.4,-16,9,-19,12,-1024,1023,-2,0,0,-4,0,-1,-1,0,-1,-1,-1,-1,-1,0x0000000000000930,7.6
2020-02-02,18:07:27.900,0.00,0.00,0.0,0,0.00,0,0,95,4.4,-18,9,-20,12,-1024,1023,-2,0,0,-4,0,-1,-1,0,-1,-1,-1,-1,-1,0x0000000000000930,7.6
2020-02-02,18:07:28.400,0.00,0.00,0.0,0,0.00,0,0,95,4.4,-18,9,-19,12,-1024,1023,-2,0,0,-4,0,-1,-1,0,-1,-1,-1,-1,-1,0x0000000000000930,7.6
2020-02-02,18:07:28.900,0.00,0.00,0.0,0,0.00,0,0,93,4.4,-16,9,-19,12,-1024,1023,-2,0,0,-4,0,-1,-1,0,-1,-1,-1,-1,-1,0x0000000000000930,7.6
2020-02-02,18:07:29.400,0.00,0.00,0.0,0,0.00,0,0,96,4.4,-13,9,-15,12,-1024,1023,-2,0,0,-4,0,-1,-1,0,-1,-1,-1,-1,-1,0x0000000000000930,7.6
2020-02-02,18:07:29.900,0.00,0.00,0.0,0,0.00,0,0,96,4.4,-18,9,-17,12,-1024,1023,-2,0,0,-4,0,-1,-1,0,-1,-1,-1,-1,-1,0x0000000000000930,7.6
2020-02-02,18:07:30.400,0.00,0.00,0.0,0,0.00,0,0,93,4.4,-16,9,-17,12,-1024,1023,-2,0,0,-4,0,-1,-1,0,-1,-1,-1,-1,-1,0x0000000000000930,7.6
2020-02-02,18:07:30.900,0.00,0.00,0.0,0,0.00,0,0,94,4.4,-18,9,-17,12,-1024,1023,-2,0,0,-4,0,-1,-1,0,-1,-1,-1,-1,-1,0x0000000000000930,7.6
2020-02-02,18:07:31.400,0.00,0.00,0.0,0,0.00,0,0,96,4.4,-18,9,-17,12,-1024,1023,-2,0,0,-4,0,-1,-1,0,-1,-1,-1,-1,-1,0x0000000000000930,7.6
2020-02-02,18:07:31.900,0.00,0.00,0.0,0,0.00,0,0,93,4.4,-18,9,-17,12,-1024,1023,-2,0,0,-4,0,-1,-1,0,-1,-1,-1,-1,-1,0x0000000000000930,7.6
2020-02-02,18:07:32.400,0.00,0.00,0.0,0,0.00,0,0,93,4.4,-18,9,-17,12,-1024,1023,-2,0,0,-4,0,-1,-1,0,-1,-1,-1,-1,-1,0x0000000000000930,7.6
2020-02-02,18:07:32.900,0.00,0.00,0.0,0,0.00,0,0,95,4.4,-18,9,-17,12,-1024,1023,-2,0,0,-4,0,-1,-1,0,-1,-1,-1,-1,-1,0x0000000000000930,7.6
2020-02-02,18:07:33.400,0.00,0.00,0.0,0,0.00,0,0,96,4.4,-18,9,-1024,12,-1024,1023,-2,0,0,-4,0,-1,-1,0,-1,-1,-1,-1,-1,0x0000000000000920,7.6
2020-02-02,18:07:33.900,0.00,0.00,0.0,0,0.00,0,0,93,4.4,-18,9,-1024,12,-1024,1023,-2,0,0,-4,0,-1,-1,0,-1,-1,-1,-1,-1,0x0000000000000920,7.6
2020-02-02,18:07:34.400,0.00,0.00,0.0,0,0.00,0,0,95,4.4,-18,9,-1024,12,-1024,1023,-2,0,0,-4,0,-1,-1,0,-1,-1,-1,-1,-1,0x0000000000000920,7.6
2020-02-02,18:07:34.900,0.00,0.00,0.0,0,0.00,0,0,96,4.4,-18,9,-1024,12,-1024,1023,-2,0,0,-4,0,-1,-1,0,-1,-1,-1,-1,-1,0x0000000000000920,7.6
2020-02-02,18:07:35.400,0.00,0.00,0.0,0,0.00,0,0,96,4.4,-18,9,-1024,12,-1024,1023,-2,0,0,-4,0,-1,-1,0,-1,-1,-1,-1,-1,0x0000000000000920,7.6
2020-02-02,18:07:35.900,0.00,0.00,0.0,0,0.00,0,0,93,4.4,-18,9,-1024,12,-1024,1023,-2,0,0,-4,0,-1,-1,0,-1,-1,-1,-1,-1,0x0000000000000920,7.6
2020-02-02,18:07:36.400,0.00,0.00,0.0,0,0.00,0,0,93,4.4,-18,9,-1024,12,-1024,1023,-2,0,0,-4,0,-1,-1,0,-1,-1,-1,-1,-1,0x0000000000000920,7.6
2020-02-02,18:07:36.900,0.00,0.00,0.0,0,0.00,0,0,95,4.4,-18,9,-1024,12,-1024,1023,-2,0,0,-4,0,-1,-1,0,-1,-1,-1,-1,-1,0x0000000000000920,7.6
2020-02-02,18:07:37.400,0.00,0.00,0.0,0,0.00,0,0,93,4.4,-18,9,-1024,12,-1024,1023,-2,0,0,-4,0,-1,-1,0,-1,-1,-1,-1,-1,0x0000000000000920,7.6
2020-02-02,18:07:37.900,0.00,0.00,0.0,0,0.00,0,0,93,4.4,-18,9,-1024,12,-1024,1023,-2,0,0,-3,0,-1,-1,0,-1,-1,-1,-1,-1,0x0000000000000920,7.6
2020-02-02,18:07:38.400,0.00,0.00,0.0,0,0.00,0,0,95,4.4,-18,9,-1024,12,-1024,1023,-2,0,0,-4,0,-1,-1,0,-1,-1,-1,-1,-1,0x0000000000000920,7.6
2020-02-02,18:07:38.900,0.00,0.00,0.0,0,0.00,0,0,95,4.4,-18,9,-1024,12,-1024,1023,-2,0,0,-4,0,-1,-1,0,-1,-1,-1,-1,-1,0x0000000000000920,7.6
2020-02-02,18:07:39.400,0.00,0.00,0.0,0,0.00,0,0,93,4.4,-18,9,-1024,12,-1024,1023,-2,0,0,-4,0,-1,-1,0,-1,-1,-1,-1,-1,0x0000000000000920,7.6
2020-02-02,18:07:39.900,0.00,0.00,0.0,0,0.00,0,0,95,4.4,-1024,9,-1024,12,-1024,1023,-2,0,0,-4,0,-1,-1,0,-1,-1,-1,-1,-1,0x0000000000000920,7.6
2020-02-02,18:07:40.400,0.00,0.00,0.0,0,0.00,0,0,95,4.4,-16,9,-1024,12,-1024,1023,-2,0,0,-4,0,-1,-1,0,-1,-1,-1,-1,-1,0x0000000000000920,7.6
2020-02-02,18:07:40.900,0.00,0.00,0.0,0,0.00,0,0,93,4.4,-18,9,-1024,12,-1024,1023,-2,0,0,-4,0,-1,-1,0,-1,-1,-1,-1,-1,0x0000000000000920,7.6
2020-02-02,18:07:41.400,0.00,0.00,0.0,0,0.00,0,0,93,4.4,-18,9,-1024,12,-1024,1023,-2,0,0,-4,0,-1,-1,0,-1,-1,-1,-1,-1,0x0000000000000920,7.6
2020-02-02,18:07:41.900,0.00,0.00,0.0,0,0.00,0,0,95,4.4,-18,9,-1024,12,-1024,1023,-2,0,0,-4,0,-1,-1,0,-1,-1,-1,-1,-1,0x0000000000000920,7.6
2020-02-02,18:07:42.400,0.00,0.00,0.0,0,0.00,0,0,93,4.4,-18,9,-1024,12,-1024,1023,-2,0,0,-4,0,-1,-1,0,-1,-1,-1,-1,-1,0x0000000000000920,7.6
2020-02-02,18:07:42.900,0.00,0.00,0.0,0,0.00,0,0,92,4.4,-18,9,-1024,12,-1024,1023,-2,0,0,-4,0,-1,-1,0,-1,-1,-1,-1,-1,0x0000000000000920,7.6
2020-02-02,18:07:43.400,0.00,0.00,0.0,0,0.00,0,0,94,4.4,-16,9,-1024,12,-1024,1023,-2,0,0,-4,0,-1,-1,0,-1,-1,-1,-1,-1,0x0000000000000920,7.6
2020-02-02,18:07:43.900,0.00,0.00,0.0,0,0.00,0,0,95,4.4,-18,9,-1024,12,-1024,1023,-2,0,0,-4,0,-1,-1,0,-1,-1,-1,-1,-1,0x0000000000000920,7.6
2020-02-02,18:07:44.400,0.00,0.00,0.0,0,0.00,0,0,93,4.4,-18,9,-1024,12,-1024,1023,-2,0,0,-4,0,-1,-1,0,-1,-1,-1,-1,-1,0x0000000000000920,7.6
2020-02-02,18:07:44.900,0.00,0.00,0.0,0,0.00,0,0,95,4.4,-18,9,-1024,12,-1024,1023,-2,0,0,-4,0,-1,-1,0,-1,-1,-1,-1,-1,0x0000000000000920,7.6
2020-02-02,18:07:45.400,0.00,0.00,0.0,0,0.00,0,0,95,4.4,-18,9,-1024,12,-1024,1023,-2,0,0,-4,0,-1,-1,0,-1,-1,-1,-1,-1,0x0000000000000920,7.6
2020-02-02,18:07:45.900,0.00,0.00,0.0,0,0.00,0,0,93,4.4,-18,9,-1024,12,-1024,1023,-2,0,0,-4,0,-1,-1,0,-1,-1,-1,-1,-1,0x0000000000000920,7.6
2020-02-02,18:07:46.400,0.00,0.00,0.0,0,0.00,0,0,93,4.4,-18,9,-1024,12,-1024,1023,-2,0,0,-4,0,-1,-1,0,-1,-1,-1,-1,-1,0x0000000000000920,7.6
2020-02-02,18:07:46.900,0.00,0.00,0.0,0,0.00,0,0,95,4.4,-18,9,-1024,12,-1024,1023,-2,0,0,-4,0,-1,-1,0,-1,-1,-1,-1,-1,0x0000000000000920,7.6
2020-02-02,18:07:47.400,0.00,0.00,0.0,0,0.00,0,0,93,4.4,-18,9,-1024,12,-1024,1023,-2,0,0,-4,0,-1,-1,0,-1,-1,-1,-1,-1,0x0000000000000920,7.6
2020-02-02,18:07:47.900,0.00,0.00,0.0,0,0.00,0,0,93,4.4,-18,9,-1024,12,-1024,1023,-2,0,0,-4,0,-1,-1,0,-1,-1,-1,-1,-1,0x0000000000000920,7.6
2020-02-02,18:07:48.400,0.00,0.00,0.0,0,0.00,0,0,95,4.4,-18,9,-1024,12,-1024,1023,-2,0,0,-4,0,-1,-1,0,-1,-1,-1,-1,-1,0x0000000000000920,7.6
2020-02-02,18:07:48.900,0.00,0.00,0.0,0,0.00,0,0,94,4.4,-18,9,-1024,12,-1024,1023,-2,0,0,-4,0,-1,-1,0,-1,-1,-1,-1,-1,0x0000000000000920,7.6
2020-02-02,18:07:49.400,0.00,0.00,0.0,0,0.00,0,0,93,4.4,-18,9,-1024,12,-1024,1023,-2,0,0,-4,0,-1,-1,0,-1,-1,-1,-1,-1,0x0000000000000920,7.6
2020-02-02,18:07:49.900,0.00,0.00,0.0,0,0.00,0,0,95,4.4,-18,9,-1024,12,-1024,1023,-2,0,0,-4,0,-1,-1,0,-1,-1,-1,-1,-1,0x0000000000000920,7.6
2020-02-02,18:07:50.400,0.00,0.00,0.0,0,0.00,0,0,95,4.4,-18,9,-1024,12,-1024,1023,-2,0,0,-4,0,-1,-1,0,-1,-1,-1,-1,-1,0x0000000000000920,7.6
2020-02-02,18:07:50.900,0.00,0.00,0.0,0,0.00,0,0,93,4.4,-18,9,-1024,12,-1024,1023,-2,0,0,-4,0,-1,-1,0,-1,-1,-1,-1,-1,0x0000000000000920,7.6
2020-02-02,18:07:51.400,0.00,0.00,0.0,0,0.00,0,0,92,4.4,-16,9,-1024,12,-1024,1023,-2,0,0,-4,0,-1,-1,0,-1,-1,-1,-1,-1,0x0000000000000920,7.6
2020-02-02,18:07:51.900,0.00,0.00,0.0,0,0.00,0,0,95,4.4,-18,-737,-1024,12,-1024,1023,-2,0,0,-4,0,-1,-1,0,-1,-1,-1,-1,-1,0x0000000000000920,7.6
2020-02-02,18:07:52.400,0.00,0.00,0.0,0,0.00,0,0,93,4.4,-18,8,-1024,12,-1024,1023,-2,0,0,-4,0,-1,-1,0,-1,-1,-1,-1,-1,0x0000000000000920,7.6
2020-02-02,18:07:52.900,0.00,0.00,0.0,0,0.00,0,0,93,4.4,-18,8,-1024,12,-1024,1023,-2,0,0,-4,0,-1,-1,0,-1,-1,-1,-1,-1,0x0000000000000920,7.6
2020-02-02,18:07:53.400,0.00,0.00,0.0,0,0.00,0,0,95,4.4,-18,8,-1024,12,-1024,1023,-2,0,0,-4,0,-1,-1,0,-1,-1,-1,-1,-1,0x0000000000000920,7.6
2020-02-02,18:07:53.900,0.00,0.00,0.0,0,0.00,0,0,94,4.4,-18,8,-1024,12,-1024,1023,-2,0,0,-4,0,-1,-1,0,-1,-1,-1,-1,-1,0x0000000000000920,7.6
2020-02-02,18:07:54.400,0.00,0.00,0.0,0,0.00,0,0,93,4.4,-18,8,-1024,12,-1024,1023,-2,0,0,-3,0,-1,-1,0,-1,-1,-1,-1,-1,0x0000000000000920,7.6
2020-02-02,18:07:54.900,0.00,0.00,0.0,0,0.00,0,0,95,4.4,-16,8,-1024,12,-1024,1023,-2,0,0,-4,0,-1,-1,0,-1,-1,-1,-1,-1,0x0000000000000920,7.6
2020-02-02,18:07:55.400,0.00,0.00,0.0,0,0.00,0,0,94,4.4,-16,8,-1024,12,-1024,1023,-2,0,0,-4,0,-1,-1,0,-1,-1,-1,-1,-1,0x0000000000000920,7.6
2020-02-02,18:07:55.900,0.00,0.00,0.0,0,0.00,0,0,92,4.4,-18,8,-1024,-1000,-1024,1023,-2,0,0,-4,0,-1,-1,0,-1,-1,-1,-1,-1,0x0000000000000920,7.6
2020-02-02,18:07:56.400,0.00,0.00,0.0,0,0.00,0,0,93,4.4,-18,8,-1024,10,-1024,1023,-2,0,0,-4,0,-1,-1,0,-1,-1,-1,-1,-1,0x0000000000000920,7.6
2020-02-02,18:07:56.900,0.00,0.00,0.0,0,0.00,0,0,95,4.4,-18,8,-1024,10,-1024,1023,-2,0,0,-4,0,-1,-1,0,-1,-1,-1,-1,-1,0x0000000000000920,7.6
2020-02-02,18:07:57.400,0.00,0.00,0.0,0,0.00,0,0,93,4.4,-18,8,-1024,10,-1024,1023,-2,0,0,-4,0,-1,-1,0,-1,-1,-1,-1,-1,0x0000000000000920,7.6
2020-02-02,18:07:57.900,0.00,0.00,0.0,0,0.00,0,0,93,4.4,-18,9,-1024,10,-1024,1023,-2,0,0,-4,0,-1,-1,0,-1,-1,-1,-1,-1,0x0000000000000920,7.6
2020-02-02,18:07:58.400,0.00,0.00,0.0,0,0.00,0,0,95,4.4,-18,8,-1024,10,-1024,1023,-2,0,0,-4,0,-1,-1,0,-1,-1,-1,-1,-1,0x0000000000000920,7.6
2020-02-02,18:07:58.900,0.00,0.00,0.0,0,0.00,0,0,95,4.4,-18,8,-1024,10,-1024,1023,-2,0,0,-4,0,-1,-1,0,-1,-1,-1,-1,-1,0x0000000000000920,7.6
2020-02-02,18:07:59.400,0.00,0.00,0.0,0,0.00,0,0,93,4.4,-18,8,-1024,10,-1024,1023,-2,0,0,-4,0,-1,-1,0,-1,-1,-1,-1,-1,0x0000000000000920,7.6
2020-02-02,18:07:59.900,0.00,0.00,0.0,0,0.00,0,0,95,4.4,-18,9,-1024,10,-1024,1023,-2,0,0,-4,0,-1,-1,0,-1,-1,-1,-1,-1,0x0000000000000920,7.6
2020-02-02,18:08:00.400,0.00,0.00,0.0,0,0.00,0,0,95,4.4,-18,8,-1024,10,-1024,1023,-2,0,0,-4,0,-1,-1,0,-1,-1,-1,-1,-1,0x0000000000000920,7.6
2020-02-02,18:08:00.900,0.00,0.00,0.0,0,0.00,0,0,93,4.4,-18,8,-1024,10,-1024,1023,-2,0,0,-4,0,-1,-1,0,-1,-1,-1,-1,-1,0x0000000000000920,7.6
2020-02-02,18:08:01.400,0.00,0.00,0.0,0,0.00,0,0,94,4.4,-18,9,-1024,10,-1024,1023,-2,0,0,-4,0,-1,-1,0,-1,-1,-1,-1,-1,0x0000000000000920,7.6
2020-02-02,18:08:01.900,0.00,0.00,0.0,0,0.00,0,0,95,4.4,-18,8,-1024,10,-1024,1023,-2,0,0,-4,0,-1,-1,0,-1,-1,-1,-1,-1,0x0000000000000920,7.6
2020-02-02,18:08:02.400,0.00,0.00,0.0,0,0.00,0,0,95,4.4,-18,9,-1024,10,-1024,1023,-2,0,0,-4,0,-1,-1,0,-1,-1,-1,-1,-1,0x0000000000000920,7.6
2020-02-02,18:08:02.900,0.00,0.00,0.0,0,0.00,0,0,94,4.4,-18,9,-1024,10,-1024,1023,-2,0,0,-4,0,-1,-1,0,-1,-1,-1,-1,-1,0x0000000000000920,7.6
2020-02-02,18:08:03.400,0.00,0.00,0.0,0,0.00,0,0,95,4.4,-18,8,-1024,10,-1024,1023,-2,0,0,-4,0,-1,-1,0,-1,-1,-1,-1,-1,0x0000000000000920,7.6
2020-02-02,18:08:03.900,0.00,0.00,0.0,0,0.00,0,0,95,4.4,-18,8,-1024,10,-1024,1023,-2,0,0,-4,0,-1,-1,0,-1,-1,-1,-1,-1,0x0000000000000920,7.6
2020-02-02,18:08:04.400,0.00,0.00,0.0,0,0.00,0,0,94,4.4,20,8,-1024,10,-1024,1023,-2,0,0,-4,0,-1,-1,0,-1,-1,-1,-1,-1,0x0000000000000920,7.6
2020-02-02,18:08:04.900,0.00,0.00,0.0,0,0.00,0,0,93,4.4,-7,8,-1024,10,-1024,1023,-2,0,0,-4,0,-1,-1,0,-1,-1,-1,-1,-1,0x0000000000000920,7.6
2020-02-02,18:08:05.400,0.00,0.00,0.0,0,0.00,0,0,95,4.4,-15,8,-1024,10,-1024,1023,-2,0,0,-4,0,-1,-1,0,-1,-1,-1,-1,-1,0x0000000000000920,7.6
2020-02-02,18:08:05.900,0.00,0.00,0.0,0,0.00,0,0,93,4.4,-15,8,-1024,12,-1024,1023,-2,0,0,-4,0,-1,-1,0,-1,-1,-1,-1,-1,0x0000000000000920,7.6
2020-02-02,18:08:06.400,0.00,0.00,0.0,0,0.00,0,0,93,4.4,-15,8,-1024,10,-1024,1023,-2,0,0,-4,0,-1,-1,0,-1,-1,-1,-1,-1,0x0000000000000920,7.6
2020-02-02,18:08:06.900,0.00,0.00,0.0,0,0.00,0,0,92,4.4,-16,8,-1024,10,-1024,1023,-2,0,0,-4,0,-1,-1,0,-1,-1,-1,-1,-1,0x0000000000000920,7.6
2020-02-02,18:08:07.400,0.00,0.00,0.0,0,0.00,0,0,95,4.4,-15,9,-1024,10,-1024,1023,-2,0,0,-4,0,-1,-1,0,-1,-1,-1,-1,-1,0x0000000000000920,7.6
2020-02-02,18:08:07.900,0.00,0.00,0.0,0,0.00,0,0,95,4.4,-15,8,-1024,10,-1024,1023,-2,0,0,-3,0,-1,-1,0,-1,-1,-1,-1,-1,0x0000000000000920,7.6
2020-02-02,18:08:08.400,0.00,0.00,0.0,0,0.00,0,0,93,4.4,-15,8,-1024,10,-1024,1023,-2,0,0,-4,0,-1,-1,0,-1,-1,-1,-1,-1,0x0000000000000920,7.6
2020-02-02,18:08:08.900,0.00,0.00,0.0,0,0.00,0,0,96,4.4,-15,8,-1024,10,-1024,1023,-2,0,0,-4,0,-1,-1,0,-1,-1,-1,-1,-1,0x0000000000000920,7.6
2020-02-02,18:08:09.400,0.00,0.00,0.0,0,0.00,0,0,95,4.4,-16,8,-1024,10,-1024,1023,-2,0,0,-4,0,-1,-1,0,-1,-1,-1,-1,-1,0x0000000000000920,7.6
2020-02-02,18:08:09.900,0.00,0.00,0.0,0,0.00,0,0,93,4.4,-15,8,-1024,10,-1024,1023,-2,0,0,-4,0,-1,-1,0,-1,-1,-1,-1,-1,0x0000000000000920,7.6
2020-02-02,18:08:10.400,0.00,0.00,0.0,0,0.00,0,0,94,4.4,-15,8,-1024,10,-1024,1023,-2,0,0,-4,0,-1,-1,0,-1,-1,-1,-1,-1,0x0000000000000920,7.6
2020-02-02,18:08:10.900,0.00,0.00,0.0,0,0.00,0,0,95,4.4,-15,9,-1024,10,-1024,1023,-2,0,0,-4,0,-1,-1,0,-1,-1,-1,-1,-1,0x0000000000000920,7.6
2020-02-02,18:08:11.400,0.00,0.00,0.0,0,0.00,0,0,95,4.4,-16,8,-1024,12,-1024,1023,-2,0,0,-4,0,-1,-1,0,-1,-1,-1,-1,-1,0x0000000000000920,7.6
2020-02-02,18:08:11.900,0.00,0.00,0.0,0,0.00,0,0,93,4.4,-15,8,-1024,12,-1024,1023,-2,0,0,-4,0,-1,-1,0,-1,-1,-1,-1,-1,0x0000000000000920,7.6
2020-02-02,18:08:12.400,0.00,0.00,0.0,0,0.00,0,0,94,4.4,-15,9,-1024,18,-1024,1023,-2,0,0,-4,0,-1,-1,0,-1,-1,-1,-1,-1,0x0000000000000920,7.6
2020-02-02,18:08:12.900,0.00,0.00,0.0,0,0.00,0,0,95,4.4,-15,8,-1024,12,-1024,1023,-2,0,0,-4,0,-1,-1,0,-1,-1,-1,-1,-1,0x0000000000000920,7.6
2020-02-02,18:08:13.400,0.00,0.00,0.0,0,0.00,0,0,93,4.4,-16,8,-1024,12,-1024,1023,-2,0,0,-4,0,-1,-1,0,-1,-1,-1,-1,-1,0x0000000000000920,7.6
2020-02-02,18:08:13.900,0.00,0.00,0.0,0,0.00,0,0,92,4.4,-15,8,-1024,12,-1024,1023,-2,0,0,-4,0,-1,-1,0,-1,-1,-1,-1,-1,0x0000000000000920,7.6
2020-02-02,18:08:14.400,0.00,0.00,0.0,0,0.00,0,0,95,4.4,-16,9,-1024,12,-1024,1023,-2,0,0,-4,0,-1,-1,0,-1,-1,-1,-1,-1,0x0000000000000920,7.6
2020-02-02,18:08:14.900,0.00,0.00,0.0,0,0.00,0,0,93,4.4,-16,8,-1024,12,-1024,1023,-2,0,0,-4,0,-1,-1,0,-1,-1,-1,-1,-1,0x0000000000000920,7.6
2020-02-02,18:08:15.400,0.00,0.00,0.0,0,0.00,0,0,93,4.4,-16,9,-1024,12,-1024,1023,-2,0,0,-4,0,-1,-1,0,-1,-1,-1,-1,-1,0x0000000000000920,7.6
2020-02-02,18:08:15.900,0.00,0.00,0.0,0,0.00,0,0,95,4.4,-15,8,-1024,12,-1024,1023,-2,0,0,-4,0,-1,-1,0,-1,-1,-1,-1,-1,0x0000000000000920,7.6
2020-02-02,18:08:16.400,0.00,0.00,0.0,0,0.00,0,0,94,4.4,-16,8,-1024,12,-1024,1023,-2,0,0,-4,0,-1,-1,0,-1,-1,-1,-1,-1,0x0000000000000920,7.6
2020-02-02,18:08:16.900,0.00,0.00,0.0,0,0.00,0,0,94,4.4,-16,8,-1024,12,-1024,1023,-2,0,0,-4,0,-1,-1,0,-1,-1,-1,-1,-1,0x0000000000000920,7.6
2020-02-02,18:08:17.400,0.00,0.00,0.0,0,0.00,0,0,96,4.4,-15,8,-1024,12,-1024,1023,-2,0,0,-4,0,-1,-1,0,-1,-1,-1,-1,-1,0x0000000000000920,7.6
2020-02-02,18:08:17.900,0.00,0.00,0.0,0,0.00,0,0,95,4.4,-16,8,-1024,12,-1024,1023,-2,0,0,-4,0,-1,-1,0,-1,-1,-1,-1,-1,0x0000000000000920,7.6
2020-02-02,18:08:18.400,0.00,0.00,0.0,0,0.00,0,0,94,4.4,-15,8,-1024,12,-1024,1023,-2,0,0,-4,0,-1,-1,0,-1,-1,-1,-1,-1,0x0000000000000920,7.6
2020-02-02,18:08:18.900,0.00,0.00,0.0,0,0.00,0,0,93,4.4,-16,8,-1024,12,-1024,1023,-2,0,0,-4,0,-1,-1,0,-1,-1,-1,-1,-1,0x0000000000000920,7.6
2020-02-02,18:08:19.400,0.00,0.00,0.0,0,0.00,0,0,94,4.4,-15,8,-1024,12,-1024,1023,-2,0,0,-4,0,-1,-1,0,-1,-1,-1,-1,-1,0x0000000000000920,7.6
2020-02-02,18:08:19.900,0.00,0.00,0.0,0,0.00,0,0,94,4.4,-16,8,-1024,12,-1024,1023,-2,0,0,-4,0,-1,-1,0,-1,-1,-1,-1,-1,0x0000000000000920,7.6
2020-02-02,18:08:20.400,0.00,0.00,0.0,0,0.00,0,0,93,4.4,-16,8,-1024,12,-1024,1023,-2,0,0,-4,0,-1,-1,0,-1,-1,-1,-1,-1,0x0000000000000920,7.6
2020-02-02,18:08:20.900,0.00,0.00,0.0,0,0.00,0,0,95,4.4,-16,8,-1024,12,-1024,1023,-2,0,0,-4,0,-1,-1,0,-1,-1,-1,-1,-1,0x0000000000000920,7.6
2020-02-02,18:08:21.400,0.00,0.00,0.0,0,0.00,0,0,96,4.4,-16,9,-1024,12,-1024,1023,-2,0,0,-4,0,-1,-1,0,-1,-1,-1,-1,-1,0x0000000000000920,7.6
2020-02-02,18:08:21.900,0.00,0.00,0.0,0,0.00,0,0,93,4.4,-15,8,-1024,12,-1024,1023,-2,0,0,-4,0,-1,-1,0,-1,-1,-1,-1,-1,0x0000000000000920,7.6
2020-02-02,18:08:22.400,0.00,0.00,0.0,0,0.00,0,0,97,4.4,-15,9,-1024,12,-1024,1023,-2,0,0,-4,0,-1,-1,0,-1,-1,-1,-1,-1,0x0000000000000920,7.6
2020-02-02,18:08:22.900,0.00,0.00,0.0,0,0.00,0,0,96,4.4,-15,9,-1024,12,-1024,1023,-2,0,0,-4,0,-1,-1,0,-1,-1,-1,-1,-1,0x0000000000000920,7.6
2020-02-02,18:08:23.400,0.00,0.00,0.0,0,0.00,0,0,93,4.4,-16,9,-1024,12,-1024,1023,-2,0,0,-4,0,-1,-1,0,-1,-1,-1,-1,-1,0x0000000000000920,7.6
2020-02-02,18:08:23.900,0.00,0.00,0.0,0,0.00,0,0,94,4.4,-15,8,-1024,12,-1024,1023,-2,0,0,-4,0,-1,-1,0,-1,-1,-1,-1,-1,0x0000000000000920,7.6
2020-02-02,18:08:24.400,0.00,0.00,0.0,0,0.00,0,0,95,4.4,-577,53,-1024,729,-1024,1023,-2,0,0,-4,0,-1,-1,0,-1,-1,-1,-1,-1,0x0000000000000920,7.6
2020-02-02,18:08:24.900,0.00,0.00,0.0,0,0.00,0,0,94,4.4,-18,8,-1024,13,-1024,1023,-2,0,0,-4,0,-1,-1,0,-1,-1,-1,-1,-1,0x0000000000000920,7.6
2020-02-02,18:08:25.400,0.00,0.00,0.0,0,0.00,0,0,95,4.4,-18,8,-1024,12,-1024,1023,-2,0,0,-4,0,-1,-1,0,-1,-1,-1,-1,-1,0x0000000000000920,7.6
2020-02-02,18:08:25.900,0.00,0.00,0.0,0,0.00,0,0,95,4.4,-18,8,-1024,13,-1024,1023,-2,0,0,-4,0,-1,-1,0,-1,-1,-1,-1,-1,0x0000000000000920,7.6
2020-02-02,18:08:26.400,0.00,0.00,0.0,0,0.00,0,0,94,4.4,-18,8,-1024,12,-1024,1023,-2,0,0,-4,0,-1,-1,0,-1,-1,-1,-1,-1,0x0000000000000920,7.6
2020-02-02,18:08:26.900,0.00,0.00,0.0,0,0.00,0,0,92,4.4,-18,8,-1024,12,-1024,1023,-2,0,0,-4,0,-1,-1,0,-1,-1,-1,-1,-1,0x0000000000000920,7.6
2020-02-02,18:08:27.400,0.00,0.00,0.0,0,0.00,0,0,91,4.4,-18,8,-1024,12,-1024,1023,-2,0,0,-4,1,-1,-1,0,-1,-1,-1,-1,-1,0x0000000000000920,7.6
2020-02-02,18:08:27.900,0.00,0.00,0.0,0,0.00,0,0,94,4.4,-18,8,-1024,12,-1024,1023,-2,0,0,-4,0,-1,-1,0,-1,-1,-1,-1,-1,0x0000000000000920,7.6
2020-02-02,18:08:28.400,0.00,0.00,0.0,0,0.00,0,0,92,4.4,-18,8,-1024,12,-1024,1023,-2,0,0,-4,0,-1,-1,0,-1,-1,-1,-1,-1,0x0000000000000920,7.6
2020-02-02,18:08:28.910,0.00,0.00,0.0,0,0.00,0,0,91,4.4,-18,9,-1024,13,-1024,1023,-2,0,0,-4,0,-1,-1,0,-1,-1,-1,-1,-1,0x0000000000000920,7.6
2020-02-02,18:08:29.450,0.00,0.00,0.0,0,0.00,0,0,95,4.4,-18,8,-1024,12,-1024,1023,-2,0,0,-4,0,-1,-1,0,-1,-1,-1,-1,-1,0x0000000000000920,7.6
2020-02-02,18:08:29.960,0.00,0.00,0.0,0,0.00,0,0,95,4.4,-18,8,-1024,13,-1024,1023,-2,0,0,-4,0,-1,-1,0,-1,-1,-1,-1,-1,0x0000000000000920,7.6
2020-02-02,18:08:30.500,0.00,0.00,0.0,0,0.00,0,0,92,4.4,-18,8,-1024,12,-1024,1023,-2,0,0,-4,0,-1,-1,0,-1,-1,-1,-1,-1,0x0000000000000920,7.6
2020-02-02,18:08:31.010,0.00,0.00,0.0,0,0.00,0,0,95,4.4,-18,8,-1024,13,-1024,1023,-2,0,0,-4,0,-1,-1,0,-1,-1,-1,-1,-1,0x0000000000000920,7.6
2020-02-02,18:08:31.560,0.00,0.00,0.0,0,0.00,0,0,94,4.4,-16,8,-1024,13,-1024,1023,-2,0,0,-4,0,-1,-1,0,-1,-1,-1,-1,-1,0x0000000000000920,7.6
2020-02-02,18:08:32.060,0.00,0.00,0.0,0,0.00,0,0,92,4.4,-16,8,-1024,12,-1024,1023,-2,0,0,-4,0,-1,-1,0,-1,-1,-1,-1,-1,0x0000000000000920,7.6
2020-02-02,18:08:32.560,0.00,0.00,0.0,0,0.00,0,0,92,4.4,-16,8,-1024,13,-1024,1023,-2,0,0,-4,0,-1,-1,0,-1,-1,-1,-1,-1,0x0000000000000920,7.6
2020-02-02,18:08:33.060,0.00,0.00,0.0,0,0.00,0,0,94,4.4,-18,8,-1024,12,-1024,1023,-2,0,0,-4,0,-1,-1,0,-1,-1,-1,-1,-1,0x0000000000000920,7.6
2020-02-02,18:08:33.600,0.00,0.00,0.0,0,0.00,0,0,95,4.4,-18,8,-1024,12,-1024,1023,-2,0,0,-4,0,-1,-1,0,-1,-1,-1,-1,-1,0x0000000000000920,7.6
2020-02-02,18:08:34.100,0.00,0.00,0.0,0,0.00,0,0,93,4.4,-18,8,-1024,12,-1024,1023,-2,0,0,-4,0,-1,-1,0,-1,-1,-1,-1,-1,0x0000000000000920,7.6
2020-02-02,18:08:34.600,0.00,0.00,0.0,0,0.00,0,0,93,4.4,-18,8,-1024,13,-1024,1023,-2,0,0,-4,0,-1,-1,0,-1,-1,-1,-1,-1,0x0000000000000920,7.6
2020-02-02,18:08:35.100,0.00,0.00,0.0,0,0.00,0,0,95,4.4,-18,8,-1024,12,-1024,1023,-2,0,0,-4,0,-1,-1,0,-1,-1,-1,-1,-1,0x0000000000000920,7.6
2020-02-02,18:08:35.610,0.00,0.00,0.0,0,0.00,0,0,93,4.4,-16,8,-1024,13,-1024,1023,-2,0,0,-4,1,-1,-1,0,-1,-1,-1,-1,-1,0x0000000000000920,7.6
2020-02-02,18:08:36.150,0.00,0.00,0.0,0,0.00,0,0,92,4.4,-18,9,-1024,12,-1024,1023,-2,0,0,-4,0,-1,-1,0,-1,-1,-1,-1,-1,0x0000000000000920,7.6
2020-02-02,18:08:36.660,0.00,0.00,0.0,0,0.00,0,0,95,4.4,-18,8,-1024,12,-1024,1023,-2,0,0,-4,0,-1,-1,0,-1,-1,-1,-1,-1,0x0000000000000920,7.6
2020-02-02,18:08:37.160,0.00,0.00,0.0,0,0.00,0,0,92,4.4,-18,8,-1024,12,-1024,1023,-2,0,0,-4,0,-1,-1,0,-1,-1,-1,-1,-1,0x0000000000000920,7.6
2020-02-02,18:08:37.660,0.00,0.00,0.0,0,0.00,0,0,93,4.4,-16,8,-1024,13,-1024,1023,-2,0,0,-4,0,-1,-1,0,-1,-1,-1,-1,-1,0x0000000000000920,7.6
2020-02-02,18:08:38.160,0.00,0.00,0.0,0,0.00,0,0,95,4.4,-18,8,-1024,13,-1024,1023,-2,0,0,-4,0,-1,-1,0,-1,-1,-1,-1,-1,0x0000000000000920,7.6
2020-02-02,18:08:38.660,0.00,0.00,0.0,0,0.00,0,0,93,4.4,-16,11,-1024,492,-1024,1023,-2,0,0,-4,0,-1,-1,0,-1,-1,-1,-1,-1,0x0000000000000920,7.6
2020-02-02,18:08:39.160,0.00,0.00,0.0,0,0.00,0,0,93,4.4,-16,8,-1024,13,-1024,1023,-2,0,0,-4,0,-1,-1,0,-1,-1,-1,-1,-1,0x0000000000000920,7.6
2020-02-02,18:08:39.700,0.00,0.00,0.0,0,0.00,0,0,95,4.4,-16,8,-1024,13,-1024,1023,-2,0,0,-4,0,-1,-1,0,-1,-1,-1,-1,-1,0x0000000000000920,7.6
2020-02-02,18:08:40.200,0.00,0.00,0.0,0,0.00,0,0,93,4.4,-18,8,-1024,13,-1024,1023,-2,0,0,-4,0,-1,-1,0,-1,-1,-1,-1,-1,0x0000000000000920,7.6
2020-02-02,18:08:40.700,0.00,0.00,0.0,0,0.00,0,0,93,4.4,-16,8,-1024,12,-1024,1023,-2,0,0,-4,0,-1,-1,0,-1,-1,-1,-1,-1,0x0000000000000920,7.6
2020-02-02,18:08:41.210,0.00,0.00,0.0,0,0.00,0,0,92,4.4,-18,9,-1024,12,-1024,1023,-2,0,0,-4,0,-1,-1,0,-1,-1,-1,-1,-1,0x0000000000000920,7.6
2020-02-02,18:08:41.750,0.00,0.00,0.0,0,0.00,0,0,94,4.4,-18,9,-1024,13,-1024,1023,-2,0,0,-4,0,-1,-1,0,-1,-1,-1,-1,-1,0x0000000000000920,7.6
2020-02-02,18:08:42.260,0.00,0.00,0.0,0,0.00,0,0,95,4.4,-18,8,-1024,12,-1024,1023,-2,0,0,-4,0,-1,-1,0,-1,-1,-1,-1,-1,0x0000000000000920,7.6
2020-02-02,18:08:42.810,0.00,0.00,0.0,0,0.00,0,0,91,4.4,-18,8,-1024,12,-1024,1023,-2,0,0,-4,0,-1,-1,0,-1,-1,-1,-1,-1,0x0000000000000920,7.6
2020-02-02,18:08:43.310,0.00,0.00,0.0,0,0.00,0,0,94,4.4,-18,9,-1024,13,-1024,1023,-2,0,0,-4,0,-1,-1,0,-1,-1,-1,-1,-1,0x0000000000000920,7.6
2020-02-02,18:08:43.810,0.00,0.00,0.0,0,0.00,0,0,96,4.4,-16,8,-1024,12,-1024,1023,-2,0,0,-4,0,-1,-1,0,-1,-1,-1,-1,-1,0x0000000000000920,7.6
2020-02-02,18:08:44.310,0.00,0.00,0.0,0,0.00,0,0,92,4.4,-18,8,-1024,13,-1024,1023,-2,0,0,-4,0,-1,-1,0,-1,-1,-1,-1,-1,0x0000000000000920,7.6
2020-02-02,18:08:44.810,0.00,0.00,0.0,0,0.00,0,0,94,4.4,-18,8,-1024,12,-1024,1023,-2,0,0,-4,0,-1,-1,0,-1,-1,-1,-1,-1,0x0000000000000920,7.6
2020-02-02,18:08:45.310,0.00,0.00,0.0,0,0.00,0,0,95,4.4,-18,8,-1024,13,-1024,1023,-2,0,0,-4,0,-1,-1,0,-1,-1,-1,-1,-1,0x0000000000000920,7.6
2020-02-02,18:08:45.850,0.00,0.00,0.0,0,0.00,0,0,93,4.4,-18,8,-1024,12,-1024,1023,-2,0,0,-4,0,-1,-1,0,-1,-1,-1,-1,-1,0x0000000000000920,7.6
2020-02-02,18:08:46.350,0.00,0.00,0.0,0,0.00,0,0,94,4.4,-127,8,-1024,12,-1024,1023,-2,0,0,-4,0,-1,-1,0,-1,-1,-1,-1,-1,0x0000000000000920,7.6
2020-02-02,18:08:46.860,0.00,0.00,0.0,0,0.00,0,0,95,4.4,-1024,8,697,13,-1024,1023,-2,0,0,-4,0,-1,-1,0,-1,-1,-1,-1,-1,0x0000000000000930,7.6
2020-02-02,18:08:47.360,0.00,0.00,0.0,0,0.00,0,0,94,4.4,-1024,185,1024,-876,-1024,1023,-2,0,0,-4,0,-1,-1,0,-1,-1,-1,-1,-1,0x0000000000000930,7.6
2020-02-02,18:08:47.860,0.00,0.00,0.0,0,0.00,0,0,92,4.4,-1024,1015,1024,-1024,-1024,1023,-2,0,0,-4,0,-1,-1,0,-1,-1,-1,-1,-1,0x0000000000000930,7.6
2020-02-02,18:08:48.360,0.00,0.00,0.0,0,0.00,0,0,93,4.4,-589,11,495,-62,-1024,1023,-2,0,0,-4,0,-1,-1,0,-1,-1,-1,-1,-1,0x0000000000000930,7.6
2020-02-02,18:08:48.860,0.00,0.00,0.0,0,0.00,0,0,95,4.4,-18,9,-123,10,-1024,1023,-2,0,0,-4,0,-1,-1,0,-1,-1,-1,-1,-1,0x0000000000000930,7.6
2020-02-02,18:08:49.360,0.00,0.00,0.0,0,0.00,0,0,93,4.4,-18,9,-122,10,-1024,1023,-2,0,0,-4,0,-1,-1,0,-1,-1,-1,-1,-1,0x0000000000000930,7.6
2020-02-02,18:08:49.860,0.00,0.00,0.0,0,0.00,0,0,92,4.4,-16,9,-122,10,-1024,1023,-2,0,0,-4,0,-1,-1,0,-1,-1,-1,-1,-1,0x0000000000000930,7.6
2020-02-02,18:08:50.360,0.00,0.00,0.0,0,0.00,0,0,95,4.4,-18,9,-122,10,-1024,1023,-2,0,0,-4,0,-1,-1,0,-1,-1,-1,-1,-1,0x0000000000000930,7.6
2020-02-02,18:08:50.860,0.00,0.00,0.0,0,0.00,0,0,93,4.4,-16,9,-120,10,-1024,1023,-2,0,0,-4,0,-1,-1,0,-1,-1,-1,-1,-1,0x0000000000000930,7.6
2020-02-02,18:08:51.360,0.00,0.00,0.0,0,0.00,0,0,93,4.4,-18,9,-122,10,-1024,1023,-2,0,0,-4,0,-1,-1,0,-1,-1,-1,-1,-1,0x0000000000000930,7.6
2020-02-02,18:08:51.900,0.00,0.00,0.0,0,0.00,0,0,95,4.4,-18,9,-122,10,-1024,1023,-2,0,0,-4,0,-1,-1,0,-1,-1,-1,-1,-1,0x0000000000000930,7.6
2020-02-02,18:08:52.400,0.00,0.00,0.0,0,0.00,0,0,94,4.4,-18,9,-122,10,-1024,1023,-2,0,0,-4,0,-1,-1,0,-1,-1,-1,-1,-1,0x0000000000000930,7.6
2020-02-02,18:08:52.900,0.00,0.00,0.0,0,0.00,0,0,93,4.4,-18,9,-122,10,-1024,1023,-2,0,0,-4,0,-1,-1,0,-1,-1,-1,-1,-1,0x0000000000000930,7.6
2020-02-02,18:08:53.400,0.00,0.00,0.0,0,0.00,0,0,95,4.4,-18,9,-122,10,-1024,1023,-2,0,0,-4,0,-1,-1,0,-1,-1,-1,-1,-1,0x0000000000000930,7.6
2020-02-02,18:08:53.900,0.00,0.00,0.0,0,0.00,0,0,94,4.4,-21,9,-252,10,-1024,1023,-2,0,0,-4,0,-1,-1,0,-1,-1,-1,-1,-1,0x0000000000000930,7.6
2020-02-02,18:08:54.400,0.00,0.00,0.0,0,0.00,0,0,93,4.4,-1024,-1011,-1024,-1024,-1024,1023,-2,0,0,-4,0,-1,-1,0,-1,-1,-1,-1,-1,0x0000000000000920,7.6
2020-02-02,18:08:54.910,0.00,0.00,0.0,0,0.00,0,0,92,4.4,168,-346,-1024,-257,-1024,1023,-2,0,0,-4,0,-1,-1,0,-1,-1,-1,-1,-1,0x0000000000000920,7.6
2020-02-02,18:08:55.450,0.00,0.00,0.0,0,0.00,0,0,95,4.4,-18,8,-1024,9,-1024,1023,-2,0,0,-4,0,-1,-1,0,-1,-1,-1,-1,-1,0x0000000000000920,7.6
2020-02-02,18:08:55.960,0.00,0.00,0.0,0,0.00,0,0,93,4.4,-18,8,-1024,10,-1024,1023,-2,0,0,-4,0,-1,-1,0,-1,-1,-1,-1,-1,0x0000000000000920,7.6
2020-02-02,18:08:56.510,0.00,0.00,0.0,0,0.00,0,0,92,4.4,-16,8,-1024,9,-1024,1023,-2,0,0,-4,0,-1,-1,0,-1,-1,-1,-1,-1,0x0000000000000920,7.6
2020-02-02,18:08:57.010,0.00,0.00,0.0,0,0.00,0,0,94,4.4,-18,8,-1024,10,-1024,1023,-2,0,0,-4,0,-1,-1,0,-1,-1,-1,-1,-1,0x0000000000000920,7.6
2020-02-02,18:08:57.510,0.00,0.00,0.0,0,0.00,0,0,95,4.4,-18,8,-1024,10,-1024,1023,-2,0,0,-4,0,-1,-1,0,-1,-1,-1,-1,-1,0x0000000000000920,7.6
2020-02-02,18:08:58.010,0.00,0.00,0.0,0,0.00,0,0,92,4.4,-18,8,-1024,10,-1024,1023,-2,0,0,-4,0,-1,-1,0,-1,-1,-1,-1,-1,0x0000000000000920,7.6
2020-02-02,18:08:58.510,0.00,0.00,0.0,0,0.00,0,0,95,4.4,-18,8,-1024,10,-1024,1023,-2,0,0,-4,0,-1,-1,0,-1,-1,-1,-1,-1,0x0000000000000920,7.6
2020-02-02,18:08:59.010,0.00,0.00,0.0,0,0.00,0,0,96,4.4,-18,8,-1024,9,-1024,1023,-2,0,0,-4,0,-1,-1,0,-1,-1,-1,-1,-1,0x0000000000000920,7.6
2020-02-02,18:08:59.510,0.00,0.00,0.0,0,0.00,0,0,91,4.4,-18,8,-1024,9,-1024,1023,-2,0,0,-4,0,-1,-1,0,-1,-1,-1,-1,-1,0x0000000000000920,7.6
2020-02-02,18:09:00.010,0.00,0.00,0.0,0,0.00,0,0,93,4.4,336,8,-1024,27,-1024,1023,-2,0,0,-4,0,-1,-1,0,-1,-1,-1,-1,-1,0x0000000000000920,7.6
2020-02-02,18:09:00.510,0.00,0.00,0.0,0,0.00,0,0,95,4.4,1024,1014,1024,802,-1024,1023,-2,0,0,-4,0,-1,-1,0,-1,-1,-1,-1,-1,0x0000000000000930,7.6
2020-02-02,18:09:01.050,0.00,0.00,0.0,0,0.00,0,0,95,4.4,1024,1014,1024,1024,-1024,1023,-2,0,0,-4,0,-1,-1,0,-1,-1,-1,-1,-1,0x0000000000000930,7.6
2020-02-02,18:09:01.560,0.00,0.00,0.0,0,0.00,0,0,94,4.4,-16,64,254,82,-1024,1023,-2,0,0,-4,0,-1,-1,0,-1,-1,-1,-1,-1,0x0000000000000930,7.6
2020-02-02,18:09:02.100,0.00,0.00,0.0,0,0.00,0,0,94,4.4,43,9,-171,13,-1024,1023,-2,0,0,-4,0,-1,-1,0,-1,-1,-1,-1,-1,0x0000000000000930,7.6
2020-02-02,18:09:02.610,0.00,0.00,0.0,0,0.00,0,0,95,4.4,-13,9,-171,12,-1024,1023,-2,0,0,-4,0,-1,-1,0,-1,-1,-1,-1,-1,0x0000000000000930,7.6
2020-02-02,18:09:03.150,0.00,0.00,0.0,0,0.00,0,0,93,4.4,-16,9,-171,13,-1024,1023,-2,0,0,-4,0,-1,-1,0,-1,-1,-1,-1,-1,0x0000000000000930,7.6
2020-02-02,18:09:03.660,0.00,0.00,0.0,0,0.00,0,0,96,4.4,-15,9,-171,12,-1024,1023,-2,0,0,-4,0,-1,-1,0,-1,-1,-1,-1,-1,0x0000000000000930,7.6
2020-02-02,18:09:04.160,0.00,0.00,0.0,0,0.00,0,0,95,4.4,-15,11,-171,12,-1024,1023,-2,0,0,-4,0,-1,-1,0,-1,-1,-1,-1,-1,0x0000000000000930,7.6
2020-02-02,18:09:04.660,0.00,0.00,0.0,0,0.00,0,0,93,4.4,-15,9,-171,12,-1024,1023,-2,0,0,-4,0,-1,-1,0,-1,-1,-1,-1,-1,0x0000000000000930,7.6
2020-02-02,18:09:05.160,0.00,0.00,0.0,0,0.00,0,0,92,4.4,-16,9,-169,13,-1024,1023,-2,0,0,-4,0,-1,-1,0,-1,-1,-1,-1,-1,0x0000000000000930,7.6
2020-02-02,18:09:05.660,0.00,0.00,0.0,0,0.00,0,0,95,4.4,170,-288,-611,32,-1024,1023,-2,0,0,-4,0,-1,-1,0,-1,-1,-1,-1,-1,0x0000000000000930,7.6
2020-02-02,18:09:06.210,0.00,0.00,0.0,0,0.00,0,0,95,4.4,921,-865,-1024,1024,-1024,1023,-1,0,0,-4,0,-1,-1,0,-1,-1,-1,-1,-1,0x0000000000000920,7.6
2020-02-02,18:09:06.760,0.00,0.00,0.0,0,0.00,0,0,92,4.4,-15,8,-1024,13,-1024,1023,-2,0,0,-4,0,-1,-1,0,-1,-1,-1,-1,-1,0x0000000000000920,7.6
2020-02-02,18:09:07.260,0.00,0.00,0.0,0,0.00,0,0,95,4.4,-15,8,-1024,12,-1024,1023,-2,0,0,-4,0,-1,-1,0,-1,-1,-1,-1,-1,0x0000000000000920,7.6
2020-02-02,18:09:07.760,0.00,0.00,0.0,0,0.00,0,0,94,4.4,-15,8,-1024,12,-1024,1023,-2,0,0,-3,0,-1,-1,0,-1,-1,-1,-1,-1,0x0000000000000920,7.6
2020-02-02,18:09:08.260,0.00,0.00,0.0,0,0.00,0,0,94,4.4,-16,8,-1024,12,-1024,1023,-2,0,0,-4,0,-1,-1,0,-1,-1,-1,-1,-1,0x0000000000000920,7.6
2020-02-02,18:09:08.760,0.00,0.00,0.0,0,0.00,0,0,94,4.4,-15,8,-1024,13,-1024,1023,-2,0,0,-4,0,-1,-1,0,-1,-1,-1,-1,-1,0x0000000000000920,7.6
2020-02-02,18:09:09.260,0.00,0.00,0.0,0,0.00,0,0,95,4.4,-15,8,-1024,13,-1024,1023,-2,0,0,-4,0,-1,-1,0,-1,-1,-1,-1,-1,0x0000000000000920,7.6
2020-02-02,18:09:09.800,0.00,0.00,0.0,0,0.00,0,0,93,4.4,-15,8,-1024,12,-1024,1023,-2,0,0,-4,0,-1,-1,0,-1,-1,-1,-1,-1,0x0000000000000920,7.6
2020-02-02,18:09:10.300,0.00,0.00,0.0,0,0.00,0,0,93,4.4,-15,8,-1024,12,-1024,1023,-2,0,0,-4,0,-1,-1,0,-1,-1,-1,-1,-1,0x0000000000000920,7.6
2020-02-02,18:09:10.800,0.00,0.00,0.0,0,0.00,0,0,95,4.4,-15,8,-1024,12,-1024,1023,-2,0,0,-4,0,-1,-1,0,-1,-1,-1,-1,-1,0x0000000000000920,7.6
2020-02-02,18:09:11.300,0.00,0.00,0.0,0,0.00,0,0,95,4.4,-16,8,-1024,13,-1024,1023,-2,0,0,-3,0,-1,-1,0,-1,-1,-1,-1,-1,0x0000000000000920,7.6
2020-02-02,18:09:11.800,0.00,0.00,0.0,0,0.00,0,0,92,4.4,-15,8,-1024,13,-1024,1023,-2,0,0,-4,0,-1,-1,0,-1,-1,-1,-1,-1,0x0000000000000920,7.6
2020-02-02,18:09:12.300,0.00,0.00,0.0,0,0.00,0,0,94,4.4,-15,8,-1024,13,-1024,1023,-2,0,0,-4,0,-1,-1,0,-1,-1,-1,-1,-1,0x0000000000000920,7.6
2020-02-02,18:09:12.810,0.00,0.00,0.0,0,0.00,0,0,95,4.4,-16,9,-1024,13,-1024,1023,-2,0,0,-4,0,-1,-1,0,-1,-1,-1,-1,-1,0x0000000000000920,7.6
2020-02-02,18:09:13.310,0.00,0.00,0.0,0,0.00,0,0,92,4.4,-15,8,-1024,13,-1024,1023,-2,0,0,-4,0,-1,-1,0,-1,-1,-1,-1,-1,0x0000000000000920,7.6
2020-02-02,18:09:13.810,0.00,0.00,0.0,0,0.00,0,0,93,4.4,-15,9,-1024,44,-1024,1023,-2,0,0,-4,0,-1,-1,0,-1,-1,-1,-1,-1,0x0000000000000920,7.6
2020-02-02,18:09:14.310,0.00,0.00,0.0,0,0.00,0,0,95,4.4,-15,8,-1024,13,-1024,1023,-2,0,0,-4,0,-1,-1,0,-1,-1,-1,-1,-1,0x0000000000000920,7.6
2020-02-02,18:09:14.810,0.00,0.00,0.0,0,0.00,0,0,92,4.4,-16,8,-1024,13,-1024,1023,-2,0,0,-4,0,-1,-1,0,-1,-1,-1,-1,-1,0x0000000000000920,7.6
2020-02-02,18:09:15.310,0.00,0.00,0.0,0,0.00,0,0,94,4.4,-15,8,-1024,12,-1024,1023,-2,0,0,-4,0,-1,-1,0,-1,-1,-1,-1,-1,0x0000000000000920,7.6
2020-02-02,18:09:15.810,0.00,0.00,0.0,0,0.00,0,0,95,4.4,-15,8,-1024,13,-1024,1023,-2,0,0,-4,0,-1,-1,0,-1,-1,-1,-1,-1,0x0000000000000920,7.6
2020-02-02,18:09:16.310,0.00,0.00,0.0,0,0.00,0,0,95,4.4,-16,8,-1024,12,-1024,1023,-2,0,0,-4,0,-1,-1,0,-1,-1,-1,-1,-1,0x0000000000000920,7.6
2020-02-02,18:09:16.810,0.00,0.00,0.0,0,0.00,0,0,93,4.4,-15,8,-1024,13,-1024,1023,-2,0,0,-4,0,-1,-1,0,-1,-1,-1,-1,-1,0x0000000000000920,7.6
2020-02-02,18:09:17.310,0.00,0.00,0.0,0,0.00,0,0,95,4.4,-15,8,-1024,12,-1024,1023,-2,0,0,-4,0,-1,-1,0,-1,-1,-1,-1,-1,0x0000000000000920,7.6
2020-02-02,18:09:17.810,0.00,0.00,0.0,0,0.00,0,0,86,4.4,-15,8,-1024,13,-1024,1023,-2,0,0,-4,0,-1,-1,0,-1,-1,-1,-1,-1,0x0000000000000920,7.6
2020-02-02,18:09:18.310,0.00,0.00,0.0,0,0.00,0,0,83,4.4,-16,8,-1024,13,-1024,1023,-2,0,0,-4,0,-1,-1,0,-1,-1,-1,-1,-1,0x0000000000000920,7.6
2020-02-02,18:09:18.810,0.00,0.00,0.0,0,0.00,0,0,86,4.4,-15,8,-1024,13,-1024,1023,-2,0,0,-4,0,-1,-1,0,-1,-1,-1,-1,-1,0x0000000000000920,7.6
2020-02-02,18:09:19.310,0.00,0.00,0.0,0,0.00,0,0,89,4.4,-15,8,-1024,13,-1024,1023,-2,0,0,-4,0,-1,-1,0,-1,-1,-1,-1,-1,0x0000000000000920,7.6
2020-02-02,18:09:19.810,0.00,0.00,0.0,0,0.00,0,0,83,4.4,-16,8,-1024,13,-1024,1023,-2,0,0,-4,0,-1,-1,0,-1,-1,-1,-1,-1,0x0000000000000920,7.6
2020-02-02,18:09:20.310,0.00,0.00,0.0,0,0.00,0,0,86,4.4,-16,8,-1024,13,-1024,1023,-2,0,0,-3,0,-1,-1,0,-1,-1,-1,-1,-1,0x0000000000000920,7.6
2020-02-02,18:09:20.810,0.00,0.00,0.0,0,0.00,0,0,94,4.4,-15,8,-1024,12,-1024,1023,-2,0,0,-4,1,-1,-1,0,-1,-1,-1,-1,-1,0x0000000000000920,7.6
2020-02-02,18:09:21.310,0.00,0.00,0.0,0,0.00,0,0,91,4.4,-15,8,-1024,12,-1024,1023,-2,0,0,-4,0,-1,-1,0,-1,-1,-1,-1,-1,0x0000000000000920,7.6
2020-02-02,18:09:21.810,0.00,0.00,0.0,0,0.00,0,0,90,4.4,-15,8,-1024,13,-1024,1023,-2,0,0,-4,0,-1,-1,0,-1,-1,-1,-1,-1,0x0000000000000920,7.6
2020-02-02,18:09:22.310,0.00,0.00,0.0,0,0.00,0,0,91,4.4,-16,8,-1024,13,-1024,1023,-2,0,0,-4,0,-1,-1,0,-1,-1,-1,-1,-1,0x0000000000000920,7.6
2020-02-02,18:09:22.810,0.00,0.00,0.0,0,0.00,0,0,92,4.4,-15,8,-1024,13,-1024,1023,-2,0,0,-4,0,-1,-1,0,-1,-1,-1,-1,-1,0x0000000000000920,7.6
2020-02-02,18:09:23.310,0.00,0.00,0.0,0,0.00,0,0,91,4.4,-15,8,-1024,15,-1024,1023,-2,0,0,-4,0,-1,-1,0,-1,-1,-1,-1,-1,0x0000000000000920,7.6
2020-02-02,18:09:23.810,0.00,0.00,0.0,0,0.00,0,0,91,4.4,-15,8,-1024,13,-1024,1023,-2,0,0,-4,0,-1,-1,0,-1,-1,-1,-1,-1,0x0000000000000920,7.6
2020-02-02,18:09:24.310,0.00,0.00,0.0,0,0.00,0,0,95,4.4,-16,8,-1024,13,-1024,1023,-2,0,0,-4,0,-1,-1,0,-1,-1,-1,-1,-1,0x0000000000000920,7.6
2020-02-02,18:09:24.810,0.00,0.00,0.0,0,0.00,0,0,95,4.4,-15,8,-1024,13,-1024,1023,-2,0,0,-3,0,-1,-1,0,-1,-1,-1,-1,-1,0x0000000000000920,7.6
2020-02-02,18:09:25.310,0.00,0.00,0.0,0,0.00,0,0,92,4.4,-16,9,-1024,13,-1024,1023,-2,0,0,-4,0,-1,-1,0,-1,-1,-1,-1,-1,0x0000000000000920,7.6
2020-02-02,18:09:25.810,0.00,0.00,0.0,0,0.00,0,0,95,4.4,-15,8,-1024,13,-1024,1023,-2,0,0,-4,0,-1,-1,0,-1,-1,-1,-1,-1,0x0000000000000920,7.6
2020-02-02,18:09:26.310,0.00,0.00,0.0,0,0.00,0,0,95,4.4,-15,9,-1024,13,-1024,1023,-2,0,0,-4,0,-1,-1,0,-1,-1,-1,-1,-1,0x0000000000000920,7.6
2020-02-02,18:09:26.810,0.00,0.00,0.0,0,0.00,0,0,93,4.4,-15,9,-1024,13,-1024,1023,-2,0,0,-4,0,-1,-1,0,-1,-1,-1,-1,-1,0x0000000000000920,7.6
2020-02-02,18:09:27.310,0.00,0.00,0.0,0,0.00,0,0,93,4.4,-15,8,-1024,13,-1024,1023,-2,0,0,-4,0,-1,-1,0,-1,-1,-1,-1,-1,0x0000000000000920,7.6
2020-02-02,18:09:27.810,0.00,0.00,0.0,0,0.00,0,0,95,4.4,-15,9,-1024,13,-1024,1023,-2,0,0,-4,0,-1,-1,0,-1,-1,-1,-1,-1,0x0000000000000920,7.6
2020-02-02,18:09:28.310,0.00,0.00,0.0,0,0.00,0,0,93,4.4,-15,8,-1024,12,-1024,1023,-2,0,0,-4,0,-1,-1,0,-1,-1,-1,-1,-1,0x0000000000000920,7.6
2020-02-02,18:09:28.810,0.00,0.00,0.0,0,0.00,0,0,94,4.4,-15,9,-1024,12,-1024,1023,-2,0,0,-4,0,-1,-1,0,-1,-1,-1,-1,-1,0x0000000000000920,7.6
2020-02-02,18:09:29.310,0.00,0.00,0.0,0,0.00,0,0,95,4.4,-15,8,-1024,13,-1024,1023,-2,0,0,-4,0,-1,-1,0,-1,-1,-1,-1,-1,0x0000000000000920,7.6
2020-02-02,18:09:29.810,0.00,0.00,0.0,0,0.00,0,0,93,4.4,-15,9,-1024,13,-1024,1023,-2,0,0,-4,0,-1,-1,0,-1,-1,-1,-1,-1,0x0000000000000920,7.6
2020-02-02,18:09:30.310,0.00,0.00,0.0,0,0.00,0,0,92,4.4,-15,9,-1024,13,-1024,1023,-2,0,0,-4,0,-1,-1,0,-1,-1,-1,-1,-1,0x0000000000000920,7.6
2020-02-02,18:09:30.810,0.00,0.00,0.0,0,0.00,0,0,92,4.4,-15,9,-1024,12,-1024,1023,-2,0,0,-4,0,-1,-1,0,-1,-1,-1,-1,-1,0x0000000000000920,7.6
2020-02-02,18:09:31.310,0.00,0.00,0.0,0,0.00,0,0,91,4.4,-15,8,-1024,13,-1024,1023,-2,0,0,-4,0,-1,-1,0,-1,-1,-1,-1,-1,0x0000000000000920,7.6
2020-02-02,18:09:31.810,0.00,0.00,0.0,0,0.00,0,0,91,4.4,-16,8,-1024,13,-1024,1023,-2,0,0,-4,0,-1,-1,0,-1,-1,-1,-1,-1,0x0000000000000920,7.6
2020-02-02,18:09:32.310,0.00,0.00,0.0,0,0.00,0,0,89,4.4,-15,8,-1024,13,-1024,1023,-2,0,0,-4,0,-1,-1,0,-1,-1,-1,-1,-1,0x0000000000000920,7.6
2020-02-02,18:09:32.810,0.00,0.00,0.0,0,0.00,0,0,94,4.4,-15,8,-1024,12,-1024,1023,-2,0,0,-4,0,-1,-1,0,-1,-1,-1,-1,-1,0x0000000000000920,7.6
2020-02-02,18:09:33.310,0.00,0.00,0.0,0,0.00,0,0,94,4.4,-15,8,-1024,13,-1024,1023,-2,0,0,-4,0,-1,-1,0,-1,-1,-1,-1,-1,0x0000000000000920,7.6
2020-02-02,18:09:33.810,0.00,0.00,0.0,0,0.00,0,0,91,4.4,-15,9,-1024,13,-1024,1023,-2,0,0,-4,0,-1,-1,0,-1,-1,-1,-1,-1,0x0000000000000920,7.6
2020-02-02,18:09:34.310,0.00,0.00,0.0,0,0.00,0,0,91,4.4,-16,35,-1024,261,-1024,1023,-2,0,0,-4,0,-1,-1,0,-1,-1,-1,-1,-1,0x0000000000000920,7.6
2020-02-02,18:09:34.810,0.00,0.00,0.0,0,0.00,0,0,94,4.4,-15,8,-1024,13,-1024,1023,-2,0,0,-4,0,-1,-1,0,-1,-1,-1,-1,-1,0x0000000000000920,7.6
2020-02-02,18:09:35.310,0.00,0.00,0.0,0,0.00,0,0,93,4.4,-15,9,-1024,13,-1024,1023,-2,0,0,-4,0,-1,-1,0,-1,-1,-1,-1,-1,0x0000000000000920,7.6
2020-02-02,18:09:35.810,0.00,0.00,0.0,0,0.00,0,0,91,4.4,-15,9,-1024,13,-1024,1023,-2,0,0,-4,0,-1,-1,0,-1,-1,-1,-1,-1,0x0000000000000920,7.6
2020-02-02,18:09:36.310,0.00,0.00,0.0,0,0.00,0,0,96,4.4,-15,9,-1024,13,-1024,1023,-2,0,0,-4,0,-1,-1,0,-1,-1,-1,-1,-1,0x0000000000000920,7.6
2020-02-02,18:09:36.810,0.00,0.00,0.0,0,0.00,0,0,93,4.4,-16,9,-1024,13,-1024,1023,-2,0,0,-4,0,-1,-1,0,-1,-1,-1,-1,-1,0x0000000000000920,7.6
2020-02-02,18:09:37.310,0.00,0.00,0.0,0,0.00,0,0,93,4.4,-15,8,-1024,13,-1024,1023,-2,0,0,-4,0,-1,-1,0,-1,-1,-1,-1,-1,0x0000000000000920,7.6
2020-02-02,18:09:37.810,0.00,0.00,0.0,0,0.00,0,0,92,4.4,-16,9,-1024,13,-1024,1023,-2,0,0,-4,0,-1,-1,0,-1,-1,-1,-1,-1,0x0000000000000920,7.6
2020-02-02,18:09:38.310,0.00,0.00,0.0,0,0.00,0,0,94,4.4,-16,8,-1024,13,-1024,1023,-2,0,0,-4,0,-1,-1,0,-1,-1,-1,-1,-1,0x0000000000000920,7.6
2020-02-02,18:09:38.810,0.00,0.00,0.0,0,0.00,0,0,95,4.4,-15,9,-1024,13,-1024,1023,-2,0,0,-3,0,-1,-1,0,-1,-1,-1,-1,-1,0x0000000000000920,7.6
2020-02-02,18:09:39.310,0.00,0.00,0.0,0,0.00,0,0,93,4.4,-15,9,-1024,13,-1024,1023,-2,0,0,-4,0,-1,-1,0,-1,-1,-1,-1,-1,0x0000000000000920,7.6
2020-02-02,18:09:39.810,0.00,0.00,0.0,0,0.00,0,0,95,4.4,-15,9,-1024,13,-1024,1023,-2,0,0,-4,0,-1,-1,0,-1,-1,-1,-1,-1,0x0000000000000920,7.6
2020-02-02,18:09:40.310,0.00,0.00,0.0,0,0.00,0,0,95,4.4,-15,8,-1024,13,-1024,1023,-2,0,0,-4,0,-1,-1,0,-1,-1,-1,-1,-1,0x0000000000000920,7.6
2020-02-02,18:09:40.810,0.00,0.00,0.0,0,0.00,0,0,92,4.4,-15,9,-1024,13,-1024,1023,-2,0,0,-3,0,-1,-1,0,-1,-1,-1,-1,-1,0x0000000000000920,7.6
2020-02-02,18:09:41.310,0.00,0.00,0.0,0,0.00,0,0,93,4.4,-15,9,-1024,13,-1024,1023,-2,0,0,-4,0,-1,-1,0,-1,-1,-1,-1,-1,0x0000000000000920,7.6
2020-02-02,18:09:41.810,0.00,0.00,0.0,0,0.00,0,0,95,4.4,-15,8,-1024,13,-1024,1023,-2,0,0,-6,0,-1,-1,0,-1,-1,-1,-1,-1,0x0000000000000920,7.6
2020-02-02,18:09:42.310,0.00,0.00,0.0,0,0.00,0,0,93,4.4,-16,9,-1024,13,-1024,1023,-2,0,0,-4,0,-1,-1,0,-1,-1,-1,-1,-1,0x0000000000000920,7.6
2020-02-02,18:09:42.810,0.00,0.00,0.0,0,0.00,0,0,92,4.4,-15,8,-1024,13,-1024,1023,-2,0,0,-4,0,-1,-1,0,-1,-1,-1,-1,-1,0x0000000000000920,7.6
2020-02-02,18:09:43.310,0.00,0.00,0.0,0,0.00,0,0,94,4.4,-15,8,-1024,13,-1024,1023,-2,0,0,-4,0,-1,-1,0,-1,-1,-1,-1,-1,0x0000000000000920,7.6
2020-02-02,18:09:43.810,0.00,0.00,0.0,0,0.00,0,0,94,4.4,-15,9,-1024,13,-1024,1023,-2,0,0,-3,0,-1,-1,0,-1,-1,-1,-1,-1,0x0000000000000920,7.6
2020-02-02,18:09:44.310,0.00,0.00,0.0,0,0.00,0,0,94,4.4,-15,9,-1024,13,-1024,1023,-2,0,0,-4,0,-1,-1,0,-1,-1,-1,-1,-1,0x0000000000000920,7.6
2020-02-02,18:09:44.810,0.00,0.00,0.0,0,0.00,0,0,93,4.4,-15,8,-1024,13,-1024,1023,-2,0,0,-4,0,-1,-1,0,-1,-1,-1,-1,-1,0x0000000000000920,7.6
2020-02-02,18:09:45.310,0.00,0.00,0.0,0,0.00,0,0,92,4.4,-15,8,-1024,13,-1024,1023,-2,0,0,-4,0,-1,-1,0,-1,-1,-1,-1,-1,0x0000000000000920,7.6
2020-02-02,18:09:45.810,0.00,0.00,0.0,0,0.00,0,0,92,4.4,-16,12,-1024,469,-1024,1023,-2,0,0,-4,0,-1,-1,0,-1,-1,-1,-1,-1,0x0000000000000920,7.6
2020-02-02,18:09:46.310,0.00,0.00,0.0,0,0.00,0,0,89,4.4,-15,9,-1024,13,-1024,1023,-2,0,0,-4,0,-1,-1,0,-1,-1,-1,-1,-1,0x0000000000000920,7.6
2020-02-02,18:09:46.810,0.00,0.00,0.0,0,0.00,0,0,93,4.4,-15,9,-1024,13,-1024,1023,-2,0,0,-3,0,-1,-1,0,-1,-1,-1,-1,-1,0x0000000000000920,7.6
2020-02-02,18:09:47.310,0.00,0.00,0.0,0,0.00,0,0,94,4.4,-15,9,-1024,13,-1024,1023,-2,0,0,-4,0,-1,-1,0,-1,-1,-1,-1,-1,0x0000000000000920,7.6
2020-02-02,18:09:47.810,0.00,0.00,0.0,0,0.00,0,0,87,4.4,-15,9,-1024,13,-1024,1023,-2,0,0,-4,0,-1,-1,0,-1,-1,-1,-1,-1,0x0000000000000920,7.6
2020-02-02,18:09:48.310,0.00,0.00,0.0,0,0.00,0,0,88,4.4,-16,9,-1024,13,-1024,1023,-2,0,0,-4,0,-1,-1,0,-1,-1,-1,-1,-1,0x0000000000000920,7.6
2020-02-02,18:09:48.810,0.00,0.00,0.0,0,0.00,0,0,89,4.4,-16,8,-1024,13,-1024,1023,-2,0,0,-4,0,-1,-1,0,-1,-1,-1,-1,-1,0x0000000000000920,7.6
2020-02-02,18:09:49.310,0.00,0.00,0.0,0,0.00,0,0,85,4.4,-16,8,-1024,13,-1024,1023,-2,0,0,-4,0,-1,-1,0,-1,-1,-1,-1,-1,0x0000000000000920,7.6
2020-02-02,18:09:49.810,0.00,0.00,0.0,0,0.00,0,0,80,4.4,-15,8,-1024,13,-1024,1023,-2,0,0,-4,0,-1,-1,0,-1,-1,-1,-1,-1,0x0000000000000920,7.6
2020-02-02,18:09:50.310,0.00,0.00,0.0,0,0.00,0,0,92,4.4,-16,9,-1024,13,-1024,1023,-2,0,0,-4,0,-1,-1,0,-1,-1,-1,-1,-1,0x0000000000000920,7.6
2020-02-02,18:09:50.810,0.00,0.00,0.0,0,0.00,0,0,90,4.4,-15,8,-1024,13,-1024,1023,-2,0,0,-4,0,-1,-1,0,-1,-1,-1,-1,-1,0x0000000000000920,7.6
2020-02-02,18:09:51.310,0.00,0.00,0.0,0,0.00,0,0,91,4.4,-15,9,-1024,12,-1024,1023,-2,0,0,-4,0,-1,-1,0,-1,-1,-1,-1,-1,0x0000000000000920,7.6
2020-02-02,18:09:51.810,0.00,0.00,0.0,0,0.00,0,0,92,4.4,-15,8,-1024,13,-1024,1023,-2,0,0,-4,0,-1,-1,0,-1,-1,-1,-1,-1,0x0000000000000920,7.6
2020-02-02,18:09:52.310,0.00,0.00,0.0,0,0.00,0,0,92,4.4,-15,9,-1024,13,-1024,1023,-2,0,0,-4,0,-1,-1,0,-1,-1,-1,-1,-1,0x0000000000000920,7.6
2020-02-02,18:09:52.810,0.00,0.00,0.0,0,0.00,0,0,90,4.4,-15,9,-1024,13,-1024,1023,-2,0,0,-4,0,-1,-1,0,-1,-1,-1,-1,-1,0x0000000000000920,7.6
2020-02-02,18:09:53.310,0.00,0.00,0.0,0,0.00,0,0,90,4.4,-15,124,-1024,797,-1024,1023,-2,0,0,-4,0,-1,-1,0,-1,-1,-1,-1,-1,0x0000000000000920,7.6
2020-02-02,18:09:53.810,0.00,0.00,0.0,0,0.00,0,0,92,4.4,-16,8,-1024,13,-1024,1023,-2,0,0,-4,0,-1,-1,0,-1,-1,-1,-1,-1,0x0000000000000920,7.6
2020-02-02,18:09:54.310,0.00,0.00,0.0,0,0.00,0,0,91,4.4,-15,9,-1024,13,-1024,1023,-2,0,0,-4,0,-1,-1,0,-1,-1,-1,-1,-1,0x0000000000000920,7.6
2020-02-02,18:09:54.810,0.00,0.00,0.0,0,0.00,0,0,90,4.4,-15,9,-1024,13,-1024,1023,-2,0,0,-4,0,-1,-1,0,-1,-1,-1,-1,-1,0x0000000000000920,7.6
2020-02-02,18:09:55.310,0.00,0.00,0.0,0,0.00,0,0,95,4.4,-15,8,-1024,13,-1024,1023,-2,0,0,-4,0,-1,-1,0,-1,-1,-1,-1,-1,0x0000000000000920,7.6
2020-02-02,18:09:55.810,0.00,0.00,0.0,0,0.00,0,0,93,4.4,-15,8,-1024,13,-1024,1023,-2,0,0,-4,0,-1,-1,0,-1,-1,-1,-1,-1,0x0000000000000920,7.6
2020-02-02,18:09:56.310,0.00,0.00,0.0,0,0.00,0,0,92,4.4,-15,8,-1024,13,-1024,1023,-2,0,0,-4,0,-1,-1,0,-1,-1,-1,-1,-1,0x0000000000000920,7.6
2020-02-02,18:09:56.810,0.00,0.00,0.0,0,0.00,0,0,95,4.4,-15,9,-1024,13,-1024,1023,-2,0,0,-4,0,-1,-1,0,-1,-1,-1,-1,-1,0x0000000000000920,7.6
2020-02-02,18:09:57.310,0.00,0.00,0.0,0,0.00,0,0,95,4.4,-15,8,-1024,13,-1024,1023,-2,0,0,-4,0,-1,-1,0,-1,-1,-1,-1,-1,0x0000000000000920,7.6
2020-02-02,18:09:57.810,0.00,0.00,0.0,0,0.00,0,0,93,4.4,-15,8,-1024,12,-1024,1023,-2,0,0,-3,0,-1,-1,0,-1,-1,-1,-1,-1,0x0000000000000920,7.6
2020-02-02,18:09:58.310,0.00,0.00,0.0,0,0.00,0,0,95,4.4,-15,9,-1024,13,-1024,1023,-2,0,0,-4,0,-1,-1,0,-1,-1,-1,-1,-1,0x0000000000000920,7.6
2020-02-02,18:09:58.810,0.00,0.00,0.0,0,0.00,0,0,93,4.4,-15,8,-1024,13,-1024,1023,-2,0,0,-4,0,-1,-1,0,-1,-1,-1,-1,-1,0x0000000000000920,7.6
2020-02-02,18:09:59.310,0.00,0.00,0.0,0,0.00,0,0,93,4.4,-16,8,-1024,13,-1024,1023,-2,0,0,-4,0,-1,-1,0,-1,-1,-1,-1,-1,0x0000000000000920,7.6
2020-02-02,18:09:59.810,0.00,0.00,0.0,0,0.00,0,0,93,4.4,-15,8,-1024,13,-1024,1023,-2,0,0,-4,0,-1,-1,0,-1,-1,-1,-1,-1,0x0000000000000920,7.6
2020-02-02,18:10:00.310,0.00,0.00,0.0,0,0.00,0,0,94,4.4,-16,8,-1024,13,-1024,1023,-2,0,0,-4,0,-1,-1,0,-1,-1,-1,-1,-1,0x0000000000000920,7.6
2020-02-02,18:10:00.810,0.00,0.00,0.0,0,0.00,0,0,93,4.4,-16,9,-1024,13,-1024,1023,-2,0,0,-4,0,-1,-1,0,-1,-1,-1,-1,-1,0x0000000000000920,7.6
2020-02-02,18:10:01.310,0.00,0.00,0.0,0,0.00,0,0,91,4.4,-15,9,-1024,13,-1024,1023,-2,0,0,-3,0,-1,-1,0,-1,-1,-1,-1,-1,0x0000000000000920,7.6
2020-02-02,18:10:01.810,0.00,0.00,0.0,0,0.00,0,0,93,4.4,-15,8,-1024,13,-1024,1023,-2,0,0,-4,0,-1,-1,0,-1,-1,-1,-1,-1,0x0000000000000920,7.6
2020-02-02,18:10:02.310,0.00,0.00,0.0,0,0.00,0,0,94,4.4,-15,9,-1024,13,-1024,1023,-2,0,0,-4,0,-1,-1,0,-1,-1,-1,-1,-1,0x0000000000000920,7.6
2020-02-02,18:10:02.810,0.00,0.00,0.0,0,0.00,0,0,86,4.4,-16,9,-1024,12,-1024,1023,-2,0,0,-4,0,-1,-1,0,-1,-1,-1,-1,-1,0x0000000000000920,7.6
2020-02-02,18:10:03.310,0.00,0.00,0.0,0,0.00,0,0,84,4.4,-15,9,-1024,13,-1024,1023,-2,0,0,-4,0,-1,-1,0,-1,-1,-1,-1,-1,0x0000000000000920,7.6
2020-02-02,18:10:03.810,0.00,0.00,0.0,0,0.00,0,0,94,4.4,-15,8,-1024,13,-1024,1023,-2,0,0,-4,0,-1,-1,0,-1,-1,-1,-1,-1,0x0000000000000920,7.6
2020-02-02,18:10:04.310,0.00,0.00,0.0,0,0.00,0,0,81,4.4,-15,8,-1024,13,-1024,1023,-2,0,0,-4,0,-1,-1,0,-1,-1,-1,-1,-1,0x0000000000000920,7.6
2020-02-02,18:10:04.810,0.00,0.00,0.0,0,0.00,0,0,87,4.4,-16,8,-1024,13,-1024,1023,-2,0,0,-4,0,-1,-1,0,-1,-1,-1,-1,-1,0x0000000000000920,7.6
2020-02-02,18:10:05.310,0.00,0.00,0.0,0,0.00,0,0,87,4.4,-16,8,-1024,13,-1024,1023,-2,0,0,-4,0,-1,-1,0,-1,-1,-1,-1,-1,0x0000000000000920,7.6
2020-02-02,18:10:05.810,0.00,0.00,0.0,0,0.00,0,0,91,4.4,-15,9,-1024,13,-1024,1023,-2,0,0,-4,0,-1,-1,0,-1,-1,-1,-1,-1,0x0000000000000920,7.6
2020-02-02,18:10:06.310,0.00,0.00,0.0,0,0.00,0,0,85,4.4,-15,8,-1024,13,-1024,1023,-2,0,0,-4,0,-1,-1,0,-1,-1,-1,-1,-1,0x0000000000000920,7.6
2020-02-02,18:10:06.810,0.00,0.00,0.0,0,0.00,0,0,89,4.4,-15,8,-1024,13,-1024,1023,-2,0,0,-4,0,-1,-1,0,-1,-1,-1,-1,-1,0x0000000000000920,7.6
2020-02-02,18:10:07.310,0.00,0.00,0.0,0,0.00,0,0,86,4.4,-15,9,-1024,13,-1024,1023,-2,0,0,-4,0,-1,-1,0,-1,-1,-1,-1,-1,0x0000000000000920,7.6
2020-02-02,18:10:07.810,0.00,0.00,0.0,0,0.00,0,0,84,4.4,-15,9,-1024,13,-1024,1023,-1,0,0,-4,0,-1,-1,0,-1,-1,-1,-1,-1,0x0000000000000920,7.6
2020-02-02,18:10:08.310,0.00,0.00,0.0,0,0.00,0,0,78,4.4,-15,9,-1024,13,-1024,1023,-2,0,0,-4,0,-1,-1,0,-1,-1,-1,-1,-1,0x0000000000000920,7.6
2020-02-02,18:10:08.810,0.00,0.00,0.0,0,0.00,0,0,87,4.4,-15,8,-1024,13,-1024,1023,-2,0,0,-4,0,-1,-1,0,-1,-1,-1,-1,-1,0x0000000000000920,7.6
2020-02-02,18:10:09.310,0.00,0.00,0.0,0,0.00,0,0,88,4.4,-15,9,-1024,13,-1024,1023,-2,0,0,-4,0,-1,-1,0,-1,-1,-1,-1,-1,0x0000000000000920,7.6
2020-02-02,18:10:09.810,0.00,0.00,0.0,0,0.00,0,0,88,4.4,-15,8,-1024,12,-1024,1023,-2,0,0,-4,0,-1,-1,0,-1,-1,-1,-1,-1,0x0000000000000920,7.6
2020-02-02,18:10:10.310,0.00,0.00,0.0,0,0.00,0,0,90,4.4,-15,9,-1024,12,-1024,1023,-2,0,0,-4,0,-1,-1,0,-1,-1,-1,-1,-1,0x0000000000000920,7.6
2020-02-02,18:10:10.810,0.00,0.00,0.0,0,0.00,0,0,96,4.4,-16,9,-1024,12,-1024,1023,-2,0,0,-4,0,-1,-1,0,-1,-1,-1,-1,-1,0x0000000000000920,7.6
2020-02-02,18:10:11.310,0.00,0.00,0.0,0,0.00,0,0,96,4.4,-15,9,-1024,13,-1024,1023,-2,0,0,-4,0,-1,-1,0,-1,-1,-1,-1,-1,0x0000000000000920,7.6
2020-02-02,18:10:11.810,0.00,0.00,0.0,0,0.00,0,0,92,4.4,-15,9,-1024,13,-1024,1023,-2,0,0,-4,0,-1,-1,0,-1,-1,-1,-1,-1,0x0000000000000920,7.6
2020-02-02,18:10:12.310,0.00,0.00,0.0,0,0.00,0,0,97,4.4,-15,9,-1024,12,-1024,1023,-2,0,0,-4,0,-1,-1,0,-1,-1,-1,-1,-1,0x0000000000000920,7.6
2020-02-02,18:10:12.810,0.00,0.00,0.0,0,0.00,0,0,96,4.4,-15,9,-1024,12,-1024,1023,-2,0,0,-4,0,-1,-1,0,-1,-1,-1,-1,-1,0x0000000000000920,7.6
2020-02-02,18:10:13.310,0.00,0.00,0.0,0,0.00,0,0,94,4.4,-16,9,-1024,12,-1024,1023,-2,0,0,-4,0,-1,-1,0,-1,-1,-1,-1,-1,0x0000000000000920,7.6
2020-02-02,18:10:13.810,0.00,0.00,0.0,0,0.00,0,0,93,4.4,-15,9,-1024,12,-1024,1023,-2,0,0,-4,0,-1,-1,0,-1,-1,-1,-1,-1,0x0000000000000920,7.6
2020-02-02,18:10:14.310,0.00,0.00,0.0,0,0.00,0,0,96,4.4,-15,9,-1024,12,-1024,1023,-2,0,0,-4,0,-1,-1,0,-1,-1,-1,-1,-1,0x0000000000000920,7.6
2020-02-02,18:10:14.810,0.00,0.00,0.0,0,0.00,0,0,95,4.4,-15,8,-1024,13,-1024,1023,-2,0,0,-4,0,-1,-1,0,-1,-1,-1,-1,-1,0x0000000000000920,7.6
2020-02-02,18:10:15.310,0.00,0.00,0.0,0,0.00,0,0,95,4.4,-15,9,-1024,13,-1024,1023,-2,0,0,-4,0,-1,-1,0,-1,-1,-1,-1,-1,0x0000000000000920,7.6
2020-02-02,18:10:15.810,0.00,0.00,0.0,0,0.00,0,0,97,4.4,-16,9,-1024,13,-1024,1023,-2,0,0,-4,0,-1,-1,0,-1,-1,-1,-1,-1,0x0000000000000920,7.6
2020-02-02,18:10:16.310,0.00,0.00,0.0,0,0.00,0,0,96,4.4,-16,8,-1024,13,-1024,1023,-2,0,0,-4,0,-1,-1,0,-1,-1,-1,-1,-1,0x0000000000000920,7.6
2020-02-02,18:10:16.810,0.00,0.00,0.0,0,0.00,0,0,94,4.4,-15,9,-1024,13,-1024,1023,-2,0,0,-4,0,-1,-1,0,-1,-1,-1,-1,-1,0x0000000000000920,7.6
2020-02-02,18:10:17.310,0.00,0.00,0.0,0,0.00,0,0,94,4.4,-15,9,-1024,13,-1024,1023,-2,0,0,-4,0,-1,-1,0,-1,-1,-1,-1,-1,0x0000000000000920,7.6
2020-02-02,18:10:17.810,0.00,0.00,0.0,0,0.00,0,0,93,4.4,-15,9,-1024,13,-1024,1023,-2,0,0,-4,0,-1,-1,0,-1,-1,-1,-1,-1,0x0000000000000920,7.6
2020-02-02,18:10:18.310,0.00,0.00,0.0,0,0.00,0,0,92,4.4,-15,9,-1024,174,-1024,1023,-2,0,0,-4,0,-1,-1,0,-1,-1,-1,-1,-1,0x0000000000000920,7.6
2020-02-02,18:10:18.810,0.00,0.00,0.0,0,0.00,0,0,93,4.4,-15,9,-1024,19,-1024,1023,-2,0,0,-4,0,-1,-1,0,-1,-1,-1,-1,-1,0x0000000000000920,7.6
2020-02-02,18:10:19.310,0.00,0.00,0.0,0,0.00,0,0,95,4.4,-15,175,-1024,1024,-1024,1023,-2,0,0,-4,0,-1,-1,0,-1,-1,-1,-1,-1,0x0000000000000920,7.6
2020-02-02,18:10:19.810,0.00,0.00,0.0,0,0.00,0,0,93,4.4,-15,170,-1024,1024,-1024,1023,-2,0,0,-4,0,-1,-1,0,-1,-1,-1,-1,-1,0x0000000000000920,7.6
2020-02-02,18:10:20.310,0.00,0.00,0.0,0,0.00,0,0,93,4.4,-15,187,-1024,1024,-1024,1023,-2,0,0,-4,0,-1,-1,0,-1,-1,-1,-1,-1,0x0000000000000920,7.6
2020-02-02,18:10:20.810,0.00,0.00,0.0,0,0.00,0,0,94,4.4,-15,9,-1024,13,-1024,1023,-2,0,0,-4,0,-1,-1,0,-1,-1,-1,-1,-1,0x0000000000000920,7.6
2020-02-02,18:10:21.310,0.00,0.00,0.0,0,0.00,0,0,93,4.4,-15,9,-1024,13,-1024,1023,-2,0,0,-4,0,-1,-1,0,-1,-1,-1,-1,-1,0x0000000000000920,7.6
2020-02-02,18:10:21.810,0.00,0.00,0.0,0,0.00,0,0,89,4.4,-15,9,-1024,13,-1024,1023,-2,0,0,-4,0,-1,-1,0,-1,-1,-1,-1,-1,0x0000000000000920,7.6
2020-02-02,18:10:22.310,0.00,0.00,0.0,0,0.00,0,0,90,4.4,-15,9,-1024,13,-1024,1023,-2,0,0,-4,0,-1,-1,0,-1,-1,-1,-1,-1,0x0000000000000920,7.6
2020-02-02,18:10:22.810,0.00,0.00,0.0,0,0.00,0,0,90,4.4,-15,9,-1024,13,-1024,1023,-2,0,0,-4,0,-1,-1,0,-1,-1,-1,-1,-1,0x0000000000000920,7.6
2020-02-02,18:10:23.310,0.00,0.00,0.0,0,0.00,0,0,81,4.4,-15,258,-1024,1024,-1024,1023,-2,0,0,-4,0,-1,-1,0,-1,-1,-1,-1,-1,0x0000000000000920,7.6
2020-02-02,18:10:23.810,0.00,0.00,0.0,0,0.00,0,0,89,4.4,-15,238,-1024,1024,-1024,1023,-2,0,0,-4,0,-1,-1,0,-1,-1,-1,-1,-1,0x0000000000000920,7.6
2020-02-02,18:10:24.310,0.00,0.00,0.0,0,0.00,0,0,90,4.4,-15,9,-1024,241,-1024,1023,-2,0,0,-4,0,-1,-1,0,-1,-1,-1,-1,-1,0x0000000000000920,7.6
2020-02-02,18:10:24.810,0.00,0.00,0.0,0,0.00,0,0,84,4.4,-15,9,-1024,13,-1024,1023,-2,0,0,-4,0,-1,-1,0,-1,-1,-1,-1,-1,0x0000000000000920,7.6
2020-02-02,18:10:25.310,0.00,0.00,0.0,0,0.00,0,0,89,4.4,-15,9,-1024,13,-1024,1023,-2,0,0,-3,0,-1,-1,0,-1,-1,-1,-1,-1,0x0000000000000920,7.6
2020-02-02,18:10:25.810,0.00,0.00,0.0,0,0.00,0,0,90,4.4,-15,9,-1024,13,-1024,1023,-2,0,0,-4,0,-1,-1,0,-1,-1,-1,-1,-1,0x0000000000000920,7.6
2020-02-02,18:10:26.310,0.00,0.00,0.0,0,0.00,0,0,90,4.4,-15,9,-1024,13,-1024,1023,-2,0,0,-4,0,-1,-1,0,-1,-1,-1,-1,-1,0x0000000000000920,7.6
2020-02-02,18:10:26.810,0.00,0.00,0.0,0,0.00,0,0,90,4.4,-15,8,-1024,13,-1024,1023,-2,0,0,-4,0,-1,-1,0,-1,-1,-1,-1,-1,0x0000000000000920,7.6
2020-02-02,18:10:27.310,0.00,0.00,0.0,0,0.00,0,0,91,4.4,-15,8,-1024,15,-1024,1023,-2,0,0,-4,0,-1,-1,0,-1,-1,-1,-1,-1,0x0000000000000920,7.6
2020-02-02,18:10:27.810,0.00,0.00,0.0,0,0.00,0,0,93,4.4,-15,8,-1024,13,-1024,1023,-1,0,0,-4,0,-1,-1,0,-1,-1,-1,-1,-1,0x0000000000000920,7.6
2020-02-02,18:10:28.310,0.00,0.00,0.0,0,0.00,0,0,90,4.4,-15,9,-1024,13,-1024,1023,-2,0,0,-4,0,-1,-1,0,-1,-1,-1,-1,-1,0x0000000000000920,7.6
2020-02-02,18:10:28.810,0.00,0.00,0.0,0,0.00,0,0,91,4.4,-15,9,-1024,13,-1024,1023,-2,0,0,-4,0,-1,-1,0,-1,-1,-1,-1,-1,0x0000000000000920,7.6
2020-02-02,18:10:29.310,0.00,0.00,0.0,0,0.00,0,0,95,4.4,-15,9,-1024,13,-1024,1023,-2,0,0,-4,0,-1,-1,0,-1,-1,-1,-1,-1,0x0000000000000920,7.6
2020-02-02,18:10:29.810,0.00,0.00,0.0,0,0.00,0,0,92,4.4,-15,9,-1024,13,-1024,1023,-2,0,0,-4,0,-1,-1,0,-1,-1,-1,-1,-1,0x0000000000000920,7.6
2020-02-02,18:10:30.310,0.00,0.00,0.0,0,0.00,0,0,94,4.4,-15,9,-1024,13,-1024,1023,-2,0,0,-4,0,-1,-1,0,-1,-1,-1,-1,-1,0x0000000000000920,7.6
2020-02-02,18:10:30.810,0.00,0.00,0.0,0,0.00,0,0,97,4.4,-15,9,-1024,13,-1024,1023,-2,0,0,-4,0,-1,-1,0,-1,-1,-1,-1,-1,0x0000000000000920,7.6
2020-02-02,18:10:31.310,0.00,0.00,0.0,0,0.00,0,0,95,4.4,-15,9,-1024,13,-1024,1023,-2,0,0,-4,0,-1,-1,0,-1,-1,-1,-1,-1,0x0000000000000920,7.6
2020-02-02,18:10:31.810,0.00,0.00,0.0,0,0.00,0,0,94,4.4,-16,9,-1024,13,-1024,1023,-2,0,0,-4,0,-1,-1,0,-1,-1,-1,-1,-1,0x0000000000000920,7.6
2020-02-02,18:10:32.310,0.00,0.00,0.0,0,0.00,0,0,96,4.4,-15,9,-1024,13,-1024,1023,-2,0,0,-4,0,-1,-1,0,-1,-1,-1,-1,-1,0x0000000000000920,7.6
2020-02-02,18:10:32.810,0.00,0.00,0.0,0,0.00,0,0,97,4.4,-15,9,-1024,13,-1024,1023,-2,0,0,-4,0,-1,-1,0,-1,-1,-1,-1,-1,0x0000000000000920,7.6
2020-02-02,18:10:33.310,0.00,0.00,0.0,0,0.00,0,0,95,4.4,-15,9,-1024,13,-1024,1023,-2,0,0,-4,0,-1,-1,0,-1,-1,-1,-1,-1,0x0000000000000920,7.6
2020-02-02,18:10:33.810,0.00,0.00,0.0,0,0.00,0,0,91,4.4,-15,9,-1024,13,-1024,1023,-2,0,0,-4,0,-1,-1,0,-1,-1,-1,-1,-1,0x0000000000000920,7.6
2020-02-02,18:10:34.310,0.00,0.00,0.0,0,0.00,0,0,91,4.4,-15,8,-1024,13,-1024,1023,-2,0,0,-4,0,-1,-1,0,-1,-1,-1,-1,-1,0x0000000000000920,7.6
2020-02-02,18:10:34.810,0.00,0.00,0.0,0,0.00,0,0,76,4.4,-15,9,-1024,13,-1024,1023,-2,0,0,-4,0,-1,-1,0,-1,-1,-1,-1,-1,0x0000000000000920,7.6
2020-02-02,18:10:35.310,0.00,0.00,0.0,0,0.00,0,0,83,4.4,-15,9,-1024,13,-1024,1023,-2,0,0,-4,0,-1,-1,0,-1,-1,-1,-1,-1,0x0000000000000920,7.6
2020-02-02,18:10:35.810,0.00,0.00,0.0,0,0.00,0,0,83,4.4,-13,9,-1024,12,-1024,1023,-2,0,0,-4,0,-1,-1,0,-1,-1,-1,-1,-1,0x0000000000000920,7.6
2020-02-02,18:10:36.310,0.00,0.00,0.0,0,0.00,0,0,79,4.4,-15,9,-1024,12,-1024,1023,-2,0,0,-4,0,-1,-1,0,-1,-1,-1,-1,-1,0x0000000000000920,7.6
2020-02-02,18:10:36.810,0.00,0.00,0.0,0,0.00,0,0,81,4.4,-15,11,-1024,12,-1024,1023,-2,0,0,-4,0,-1,-1,0,-1,-1,-1,-1,-1,0x0000000000000920,7.6
2020-02-02,18:10:37.310,0.00,0.00,0.0,0,0.00,0,0,80,4.4,-13,9,-1024,13,-1024,1023,-2,0,0,-4,0,-1,-1,0,-1,-1,-1,-1,-1,0x0000000000000920,7.6
2020-02-02,18:10:37.810,0.00,0.00,0.0,0,0.00,0,0,77,4.4,-15,9,-1024,12,-1024,1023,-2,0,0,-4,0,-1,-1,0,-1,-1,-1,-1,-1,0x0000000000000920,7.6
2020-02-02,18:10:38.310,0.00,0.00,0.0,0,0.00,0,0,80,4.4,-15,11,-1024,13,-1024,1023,-2,0,0,-4,0,-1,-1,0,-1,-1,-1,-1,-1,0x0000000000000920,7.6
2020-02-02,18:10:38.810,0.00,0.00,0.0,0,0.00,0,0,79,4.4,-15,11,-1024,12,-1024,1023,-2,0,0,-4,0,-1,-1,0,-1,-1,-1,-1,-1,0x0000000000000920,7.6
2020-02-02,18:10:39.310,0.00,0.00,0.0,0,0.00,0,0,78,4.4,-15,9,-1024,12,-1024,1023,-2,0,0,-3,0,-1,-1,0,-1,-1,-1,-1,-1,0x0000000000000920,7.6
2020-02-02,18:10:39.810,0.00,0.00,0.0,0,0.00,0,0,83,4.4,-15,9,-1024,13,-1024,1023,-2,0,0,-3,0,-1,-1,0,-1,-1,-1,-1,-1,0x0000000000000920,7.6
2020-02-02,18:10:40.310,0.00,0.00,0.0,0,0.00,0,0,79,4.4,-13,11,-1024,13,-1024,1023,-2,0,0,-4,0,-1,-1,0,-1,-1,-1,-1,-1,0x0000000000000920,7.6
2020-02-02,18:10:40.810,0.00,0.00,0.0,0,0.00,0,0,79,4.4,-13,9,-1024,13,-1024,1023,-2,0,0,-4,0,-1,-1,0,-1,-1,-1,-1,-1,0x0000000000000920,7.6
2020-02-02,18:10:41.310,0.00,0.00,0.0,0,0.00,0,0,81,4.4,-15,11,-1024,13,-1024,1023,-2,0,0,-4,0,-1,-1,0,-1,-1,-1,-1,-1,0x0000000000000920,7.6
2020-02-02,18:10:41.810,0.00,0.00,0.0,0,0.00,0,0,79,4.4,-13,11,-1024,12,-1024,1023,-2,0,0,-4,0,-1,-1,0,-1,-1,-1,-1,-1,0x0000000000000920,7.6
2020-02-02,18:10:42.310,0.00,0.00,0.0,0,0.00,0,0,76,4.4,-13,9,-1024,13,-1024,1023,-2,0,0,-4,0,-1,-1,0,-1,-1,-1,-1,-1,0x0000000000000920,7.6
2020-02-02,18:10:42.810,0.00,0.00,0.0,0,0.00,0,0,82,4.4,-13,9,-1024,13,-1024,1023,-2,0,0,-4,0,-1,-1,0,-1,-1,-1,-1,-1,0x0000000000000920,7.6
2020-02-02,18:10:43.310,0.00,0.00,0.0,0,0.00,0,0,80,4.4,-15,9,-1024,12,-1024,1023,-2,0,0,-4,0,-1,-1,0,-1,-1,-1,-1,-1,0x0000000000000920,7.6
2020-02-02,18:10:43.810,0.00,0.00,0.0,0,0.00,0,0,79,4.4,-15,9,-1024,13,-1024,1023,-2,0,0,-4,0,-1,-1,0,-1,-1,-1,-1,-1,0x0000000000000920,7.6
2020-02-02,18:10:44.310,0.00,0.00,0.0,0,0.00,0,0,80,4.4,-15,9,-1024,12,-1024,1023,-2,0,0,-4,0,-1,-1,0,-1,-1,-1,-1,-1,0x0000000000000920,7.6
2020-02-02,18:10:44.810,0.00,0.00,0.0,0,0.00,0,0,80,4.4,-15,11,-1024,13,-1024,1023,-2,0,0,-4,0,-1,-1,0,-1,-1,-1,-1,-1,0x0000000000000920,7.6
2020-02-02,18:10:45.310,0.00,0.00,0.0,0,0.00,0,0,80,4.4,-13,9,-1024,12,-1024,1023,-2,0,0,-4,0,-1,-1,0,-1,-1,-1,-1,-1,0x0000000000000920,7.6
2020-02-02,18:10:45.810,0.00,0.00,0.0,0,0.00,0,0,80,4.4,-13,9,-1024,13,-1024,1023,-2,0,0,-4,0,-1,-1,0,-1,-1,-1,-1,-1,0x0000000000000820,7.6
2020-02-02,18:10:46.310,0.00,0.00,0.0,0,0.00,0,0,80,4.4,-15,9,-1024,13,-1024,1023,-2,0,0,-4,0,-1,-1,0,-1,-1,-1,-1,-1,0x0000000000000820,7.6
2020-02-02,18:10:46.810,0.00,0.00,0.0,0,0.00,0,0,80,4.4,-15,9,-1024,12,-1024,1023,-2,0,0,-4,0,-1,-1,0,-1,-1,-1,-1,-1,0x0000000000000820,7.6
2020-02-02,18:10:47.310,0.00,0.00,0.0,0,0.00,0,0,80,4.4,-15,9,-1024,12,-1024,1023,-2,0,0,-4,0,-1,-1,0,-1,-1,-1,-1,-1,0x0000000000000820,7.6
2020-02-02,18:10:47.810,0.00,0.00,0.0,0,0.00,0,0,80,4.4,-13,9,-1024,13,-1024,1023,-2,0,0,-4,0,-1,-1,0,-1,-1,-1,-1,-1,0x0000000000000820,7.6
2020-02-02,18:10:48.310,0.00,0.00,0.0,0,0.00,0,0,80,4.4,-15,9,-1024,12,-1024,1023,-2,0,0,-4,0,-1,-1,0,-1,-1,-1,-1,-1,0x0000000000000820,7.6
2020-02-02,18:10:48.810,0.00,0.00,0.0,0,0.00,0,0,80,4.4,-15,9,-1024,12,-1024,1023,-2,0,0,-4,0,-1,-1,0,-1,-1,-1,-1,-1,0x0000000000000820,7.6
2020-02-02,18:10:49.310,0.00,0.00,0.0,0,0.00,0,0,80,4.4,-13,11,-1024,13,-1024,1023,-2,0,0,-4,0,-1,-1,0,-1,-1,-1,-1,-1,0x0000000000000820,7.6
2020-02-02,18:10:49.810,0.00,0.00,0.0,0,0.00,0,0,80,4.4,-13,9,-1024,13,-1024,1023,-2,0,0,-4,0,-1,-1,0,-1,-1,-1,-1,-1,0x0000000000000820,7.6
2020-02-02,18:10:50.310,0.00,0.00,0.0,0,0.00,0,0,84,4.4,-15,11,-1024,13,-1024,1023,-2,0,0,-4,0,-1,-1,0,-1,-1,-1,-1,-1,0x0000000000000920,7.6
2020-02-02,18:10:50.810,0.00,0.00,0.0,0,0.00,0,0,85,4.4,-15,9,-1024,12,-1024,1023,-2,0,0,-4,0,-1,-1,0,-1,-1,-1,-1,-1,0x0000000000000920,7.6
2020-02-02,18:10:51.320,0.00,0.00,0.0,0,0.00,0,0,86,4.4,-15,9,-1024,13,-1024,1023,-2,0,0,-4,0,-1,-1,0,-1,-1,-1,-1,-1,0x0000000000000920,7.6
2020-02-02,18:10:51.860,0.00,0.00,0.0,0,0.00,0,0,83,4.4,-13,9,-1024,12,-1024,1023,-2,0,0,-4,0,-1,-1,0,-1,-1,-1,-1,-1,0x0000000000000920,7.6
2020-02-02,18:10:52.360,0.00,0.00,0.0,0,0.00,0,0,87,4.4,-13,9,-1024,13,-1024,1023,-2,0,0,-4,0,-1,-1,0,-1,-1,-1,-1,-1,0x0000000000000920,7.6
2020-02-02,18:10:52.860,0.00,0.00,0.0,0,0.00,0,0,84,4.4,-15,9,-1024,12,-1024,1023,-2,0,0,-4,0,-1,-1,0,-1,-1,-1,-1,-1,0x0000000000000920,7.6
2020-02-02,18:10:53.370,0.00,0.00,0.0,0,0.00,0,0,84,4.4,-13,9,-1024,12,-1024,1023,-2,0,0,-4,0,-1,-1,0,-1,-1,-1,-1,-1,0x0000000000000920,7.6
2020-02-02,18:10:53.910,0.00,0.00,0.0,0,0.00,0,0,84,4.4,-13,11,-1024,12,-1024,1023,-2,0,0,-4,0,-1,-1,0,-1,-1,-1,-1,-1,0x0000000000000920,7.6
2020-02-02,18:10:54.420,0.00,0.00,0.0,0,0.00,0,0,82,4.4,-13,9,-1024,12,-1024,1023,-2,0,0,-4,0,-1,-1,0,-1,-1,-1,-1,-1,0x0000000000000920,7.6
2020-02-02,18:10:54.920,0.00,0.00,0.0,0,0.00,0,0,86,4.4,-13,9,-1024,13,-1024,1023,-2,0,0,-4,0,-1,-1,0,-1,-1,-1,-1,-1,0x0000000000000920,7.6
2020-02-02,18:10:55.420,0.00,0.00,0.0,0,0.00,0,0,86,4.4,-13,9,-1024,13,-1024,1023,-2,0,0,-4,0,-1,-1,0,-1,-1,-1,-1,-1,0x0000000000000920,7.6
2020-02-02,18:10:55.920,0.00,0.00,0.0,0,0.00,0,0,82,4.4,-13,9,-1024,12,-1024,1023,-2,0,0,-4,0,-1,-1,0,-1,-1,-1,-1,-1,0x0000000000000920,7.6
2020-02-02,18:10:56.420,0.00,0.00,0.0,0,0.00,0,0,86,4.4,-15,9,-1024,13,-1024,1023,-2,0,0,-4,0,-1,-1,0,-1,-1,-1,-1,-1,0x0000000000000920,7.6
2020-02-02,18:10:56.920,0.00,0.00,0.0,0,0.00,0,0,81,4.4,-15,9,-1024,12,-1024,1023,-2,0,0,-4,0,-1,-1,0,-1,-1,-1,-1,-1,0x0000000000000920,7.6
2020-02-02,18:10:57.420,0.00,0.00,0.0,0,0.00,0,0,75,4.4,-13,9,-1024,12,-1024,1023,-2,0,0,-4,0,-1,-1,0,-1,-1,-1,-1,-1,0x0000000000000920,7.6
2020-02-02,18:10:57.970,0.00,0.00,0.0,0,0.00,0,0,80,4.4,-15,9,-1024,12,-1024,1023,-2,0,0,-4,0,-1,-1,0,-1,-1,-1,-1,-1,0x0000000000000920,7.6
2020-02-02,18:10:58.510,0.00,0.00,0.0,0,0.00,0,0,80,4.4,-15,11,-1024,13,-1024,1023,-2,0,0,-4,0,-1,-1,0,-1,-1,-1,-1,-1,0x0000000000000920,7.6
2020-02-02,18:10:59.020,0.00,0.00,0.0,0,0.00,0,0,86,4.4,-13,9,-1024,12,-1024,1023,-2,0,0,-4,0,-1,-1,0,-1,-1,-1,-1,-1,0x0000000000000920,7.6
2020-02-02,18:10:59.560,0.00,0.00,0.0,0,0.00,0,0,87,4.4,-15,9,-1024,12,-1024,1023,-2,0,0,-4,0,-1,-1,0,-1,-1,-1,-1,-1,0x0000000000000920,7.6
2020-02-02,18:11:00.070,0.00,0.00,0.0,0,0.00,0,0,87,4.4,-13,11,-1024,13,-1024,1023,-2,0,0,-4,0,-1,-1,0,-1,-1,-1,-1,-1,0x0000000000000920,7.6
2020-02-02,18:11:00.570,0.00,0.00,0.0,0,0.00,0,0,86,4.4,-15,9,-1024,12,-1024,1023,-2,0,0,-4,0,-1,-1,0,-1,-1,-1,-1,-1,0x0000000000000920,7.6
2020-02-02,18:11:01.070,0.00,0.00,0.0,0,0.00,0,0,88,4.4,-13,9,-1024,13,-1024,1023,-2,0,0,-4,0,-1,-1,0,-1,-1,-1,-1,-1,0x0000000000000920,7.6
2020-02-02,18:11:01.570,0.00,0.00,0.0,0,0.00,0,0,90,4.4,-15,9,-1024,12,-1024,1023,-2,0,0,-4,0,-1,-1,0,-1,-1,-1,-1,-1,0x0000000000000920,7.6
2020-02-02,18:11:02.070,0.00,0.00,0.0,0,0.00,0,0,91,4.4,-15,9,-1024,13,-1024,1023,-2,0,0,-4,0,-1,-1,0,-1,-1,-1,-1,-1,0x0000000000000920,7.6
2020-02-02,18:11:02.570,0.00,0.00,0.0,0,0.00,0,0,88,4.4,-15,9,-1024,12,-1024,1023,-2,0,0,-4,0,-1,-1,0,-1,-1,-1,-1,-1,0x0000000000000920,7.6
2020-02-02,18:11:03.070,0.00,0.00,0.0,0,0.00,0,0,83,4.4,-15,9,-1024,12,-1024,1023,-2,0,0,-4,0,-1,-1,0,-1,-1,-1,-1,-1,0x0000000000000920,7.6
2020-02-02,18:11:03.570,0.00,0.00,0.0,0,0.00,0,0,83,4.4,-15,9,-1024,13,-1024,1023,-2,0,0,-4,0,-1,-1,0,-1,-1,-1,-1,-1,0x0000000000000920,7.6
2020-02-02,18:11:04.110,0.00,0.00,0.0,0,0.00,0,0,89,4.4,-15,8,-1024,15,-1024,1023,-2,0,0,-4,0,-1,-1,0,-1,-1,-1,-1,-1,0x0000000000000920,7.6
2020-02-02,18:11:05.670,0.00,0.00,0.0,0,0.00,0,0,96,4.4,-16,9,-1024,13,-1024,1023,-2,0,0,-4,0,-1,-1,0,-1,-1,-1,-1,-1,0x0000000000000920,7.6
2020-02-02,18:11:06.220,0.00,0.00,0.0,0,0.00,0,0,92,4.4,-16,9,-1024,13,-1024,1023,-2,0,0,-4,0,-1,-1,0,-1,-1,-1,-1,-1,0x0000000000000920,7.6
2020-02-02,18:11:06.720,0.00,0.00,0.0,0,0.00,0,0,97,4.4,-16,9,-1024,13,-1024,1023,-2,0,0,-3,0,-1,-1,0,-1,-1,-1,-1,-1,0x0000000000000920,7.6
2020-02-02,18:11:07.820,0.00,0.00,0.0,0,0.00,0,0,93,4.4,-18,8,-1024,13,-1024,1023,-2,0,0,-4,0,-1,-1,0,-1,-1,-1,-1,-1,0x0000000000000920,7.6
2020-02-02,18:11:08.320,0.00,0.00,0.0,0,0.00,0,0,93,4.4,-16,9,-1024,13,-1024,1023,-2,0,0,-4,0,-1,-1,0,-1,-1,-1,-1,-1,0x0000000000000920,7.6
2020-02-02,18:11:11.530,0.00,0.00,0.0,0,0.00,0,0,94,4.4,-16,9,-1024,13,-1024,1023,-2,0,0,-4,0,-1,-1,0,-1,-1,-1,-1,-1,0x0000000000000920,7.6
2020-02-02,18:11:12.020,0.00,0.00,0.0,0,0.00,0,0,95,4.4,-16,9,-1024,13,-1024,1023,-2,0,0,-4,0,-1,-1,0,-1,-1,-1,-1,-1,0x0000000000000920,7.6
2020-02-02,18:11:12.520,0.00,0.00,0.0,0,0.00,0,0,92,4.4,-16,9,-1024,13,-1024,1023,-2,0,0,-4,0,-1,-1,0,-1,-1,-1,-1,-1,0x0000000000000920,7.6
2020-02-02,18:11:13.020,0.00,0.00,0.0,0,0.00,0,0,93,4.4,-16,9,-1024,13,-1024,1023,-2,0,0,-4,0,-1,-1,0,-1,-1,-1,-1,-1,0x0000000000000920,7.6
2020-02-02,18:11:15.230,0.00,0.00,0.0,0,0.00,0,0,95,4.4,-16,9,-1024,13,-1024,1023,-2,0,0,-4,0,-1,-1,0,-1,-1,-1,-1,-1,0x0000000000000920,7.6
2020-02-02,18:11:15.720,0.00,0.00,0.0,0,0.00,0,0,95,4.4,-16,9,-1024,13,-1024,1023,-2,0,0,-4,0,-1,-1,0,-1,-1,-1,-1,-1,0x0000000000000920,7.6
2020-02-02,18:11:16.220,0.00,0.00,0.0,0,0.00,0,0,93,4.4,-16,9,-1024,13,-1024,1023,-2,0,0,-4,0,-1,-1,0,-1,-1,-1,-1,-1,0x0000000000000920,7.6
2020-02-02,18:11:17.930,0.00,0.00,0.0,0,0.00,0,0,93,4.4,-16,8,-1024,13,-1024,1023,-2,0,0,-4,0,-1,-1,0,-1,-1,-1,-1,-1,0x0000000000000920,7.6
2020-02-02,18:11:18.420,0.00,0.00,0.0,0,0.00,0,0,93,4.4,-16,9,-1024,13,-1024,1023,-2,0,0,-4,0,-1,-1,0,-1,-1,-1,-1,-1,0x0000000000000920,7.6
2020-02-02,18:11:19.780,0.00,0.00,0.0,0,0.00,0,0,94,4.4,-16,9,-1024,13,-1024,1023,-2,0,0,-4,0,-1,-1,0,-1,-1,-1,-1,-1,0x0000000000000920,7.6
2020-02-02,18:11:20.230,0.00,0.00,0.0,0,0.00,0,0,97,4.4,-16,8,-1024,13,-1024,1023,-2,0,0,-4,0,-1,-1,0,-1,-1,-1,-1,-1,0x0000000000000920,7.6
2020-02-02,18:11:20.720,0.00,0.00,0.0,0,0.00,0,0,96,4.4,-16,9,-1024,13,-1024,1023,-2,0,0,-4,0,-1,-1,0,-1,-1,-1,-1,-1,0x0000000000000920,7.6
2020-02-02,18:11:23.280,0.00,0.00,0.0,0,0.00,0,0,94,4.4,-16,8,-1024,13,-1024,1023,-2,0,0,-4,0,-1,-1,0,-1,-1,-1,-1,-1,0x0000000000000920,7.6
2020-02-02,18:11:23.990,0.00,0.00,0.0,0,0.00,0,0,96,4.4,-16,9,-1024,13,-1024,1023,-2,0,0,-4,0,-1,-1,0,-1,-1,-1,-1,-1,0x0000000000000920,7.6
2020-02-02,18:11:24.470,0.00,0.00,0.0,0,0.00,0,0,94,4.4,-16,8,-1024,13,-1024,1023,-2,0,0,-4,0,-1,-1,0,-1,-1,-1,-1,-1,0x0000000000000920,7.6
2020-02-02,18:11:24.970,0.00,0.00,0.0,0,0.00,0,0,94,4.4,-15,8,-1024,-51,-1024,1023,-2,0,0,-4,0,-1,-1,0,-1,-1,-1,-1,-1,0x0000000000000920,7.6
2020-02-02,18:11:25.470,0.00,0.00,0.0,0,0.00,0,0,95,4.4,-16,9,-1024,12,-1024,1023,-2,0,0,-4,0,-1,-1,0,-1,-1,-1,-1,-1,0x0000000000000920,7.6
2020-02-02,18:11:25.980,0.00,0.00,0.0,0,0.00,0,0,95,4.4,-15,9,-1024,12,-1024,1023,-2,0,0,-4,0,-1,-1,0,-1,-1,-1,-1,-1,0x0000000000000920,7.6
2020-02-02,18:11:26.480,0.00,0.00,0.0,0,0.00,0,0,94,4.4,-16,9,-1024,13,-1024,1023,-2,0,0,-4,1,-1,-1,0,-1,-1,-1,-1,-1,0x0000000000000920,7.6
2020-02-02,18:11:29.230,0.00,0.00,0.0,0,0.00,0,0,94,4.4,-15,9,-1024,13,-1024,1023,-2,0,0,-4,0,-1,-1,0,-1,-1,-1,-1,-1,0x0000000000000920,7.6
2020-02-02,18:11:29.940,0.00,0.00,0.0,0,0.00,0,0,94,4.4,-16,9,-1024,13,-1024,1023,-2,0,0,-4,0,-1,-1,0,-1,-1,-1,-1,-1,0x0000000000000920,7.6
2020-02-02,18:11:30.430,0.00,0.00,0.0,0,0.00,0,0,96,4.4,-16,9,-1024,13,-1024,1023,-2,0,0,-4,0,-1,-1,0,-1,-1,-1,-1,-1,0x0000000000000920,7.6
2020-02-02,18:11:30.930,0.00,0.00,0.0,0,0.00,0,0,94,4.4,6,8,-1024,13,-1024,1023,-2,0,0,-4,0,-1,-1,0,-1,-1,-1,-1,-1,0x0000000000000920,7.6
2020-02-02,18:11:31.430,0.00,0.00,0.0,0,0.00,0,0,93,4.4,-1,6,-1024,13,-1024,1023,-2,0,0,-4,0,-1,-1,0,-1,-1,-1,-1,-1,0x0000000000000920,7.6
2020-02-02,18:11:31.930,0.00,0.00,0.0,0,0.00,0,0,96,4.4,-13,8,-1024,13,-1024,1023,-2,0,0,-4,0,-1,-1,0,-1,-1,-1,-1,-1,0x0000000000000920,7.6
2020-02-02,18:11:32.430,0.00,0.00,0.0,0,0.00,0,0,94,4.4,-12,11,-1024,-1,-1024,1023,-2,0,0,-4,0,-1,-1,0,-1,-1,-1,-1,-1,0x0000000000000920,7.6
2020-02-02,18:11:32.930,0.00,0.00,0.0,0,0.00,0,0,94,4.4,-16,9,-1024,13,-1024,1023,-2,0,0,-4,0,-1,-1,0,-1,-1,-1,-1,-1,0x0000000000000920,7.6
2020-02-02,18:11:45.640,0.00,0.00,0.0,0,0.00,0,0,89,4.4,-16,8,-1024,12,-1024,1023,-2,0,0,-4,0,-1,-1,0,-1,-1,-1,-1,-1,0x0000000000000920,7.6
2020-02-02,18:11:46.790,0.00,0.00,0.0,0,0.00,0,0,84,4.4,-15,9,-1024,13,-1024,1023,-2,0,0,-4,0,-1,-1,0,-1,-1,-1,-1,-1,0x0000000000000920,7.6
2020-02-02,18:18:08.700,0.00,0.00,0.0,0,0.00,0,0,100,4.6,-16,11,-1024,9,-1024,1023,-2,0,0,-3,-1,-1,-1,0,-1,-1,-1,-1,-1,0x0000000000000120,7.6
2020-02-02,18:18:09.200,0.00,0.00,0.0,0,0.00,0,0,98,4.6,-16,11,-1024,9,-1024,1023,-3,0,0,-3,0,-1,-1,0,-1,-1,-1,-1,-1,0x0000000000000120,7.6
2020-02-02,18:18:09.700,0.00,0.00,0.0,0,0.00,0,0,96,4.6,-16,11,-1024,10,-1024,1023,-3,0,0,-3,0,-1,-1,0,-1,-1,-1,-1,-1,0x0000000000000120,7.6
2020-02-02,18:18:10.760,0.00,0.00,0.0,0,0.00,0,0,97,4.6,-16,11,-1024,9,-1024,1023,-3,0,0,-3,0,-1,-1,0,-1,-1,-1,-1,-1,0x0000000000000920,7.6
2020-02-02,18:18:11.260,0.00,0.00,0.0,0,0.00,0,0,96,4.6,-16,9,-1024,10,-1024,1023,-3,0,0,-3,0,-1,-1,0,-1,-1,-1,-1,-1,0x0000000000000920,7.6
2020-02-02,18:18:11.760,0.00,0.00,0.0,0,0.00,0,0,94,4.6,-16,11,-1024,10,-1024,1023,-3,0,0,-3,0,-1,-1,0,-1,-1,-1,-1,-1,0x0000000000000920,7.6
2020-02-02,18:18:12.260,0.00,0.00,0.0,0,0.00,0,0,94,4.6,-16,11,-1024,9,-1024,1023,-3,0,0,-3,0,-1,-1,0,-1,-1,-1,-1,-1,0x0000000000000920,7.6
2020-02-02,18:18:15.360,0.00,0.00,0.0,0,0.00,0,0,96,4.6,-18,11,-1024,9,-1024,1023,-2,0,0,-3,0,-1,-1,0,-1,-1,-1,-1,-1,0x0000000000000920,7.6
2020-02-02,18:18:16.020,0.00,0.00,0.0,0,0.00,0,0,96,4.6,-16,9,-1024,9,-1024,1023,-3,0,0,-3,0,-1,-1,0,-1,-1,-1,-1,-1,0x0000000000000920,7.6
2020-02-02,18:18:16.510,0.00,0.00,0.0,0,0.00,0,0,98,4.6,-16,11,-1024,10,-1024,1023,-3,0,0,-3,0,-1,-1,0,-1,-1,-1,-1,-1,0x0000000000000920,7.6
2020-02-02,18:30:51.910,0.00,0.00,0.0,0,0.00,0,0,65,4.4,-16,9,-1024,12,-1024,1023,-3,0,0,8,0,-1,-1,0,-1,-1,-1,-1,-1,0x0000000000000920,7.6
2020-02-02,18:30:53.070,0.00,0.00,0.0,0,0.00,0,0,64,4.4,-15,9,-1024,12,-1024,1023,-3,0,0,8,0,-1,-1,0,-1,-1,-1,-1,-1,0x0000000000000920,7.6
2020-02-02,18:30:53.570,0.00,0.00,0.0,0,0.00,0,0,65,4.4,-15,9,-1024,12,-1024,1023,-3,0,0,7,-1,-1,-1,0,-1,-1,-1,-1,-1,0x0000000000000920,7.6
2020-02-02,18:30:54.070,0.00,0.00,0.0,0,0.00,0,0,64,4.4,-15,9,-1024,12,-1024,1023,-3,0,0,7,0,-1,-1,0,-1,-1,-1,-1,-1,0x0000000000000920,7.6
2020-02-02,18:30:54.570,0.00,0.00,0.0,0,0.00,0,0,65,4.4,-16,9,-1024,12,-1024,1023,-2,0,0,7,0,-1,-1,0,-1,-1,-1,-1,-1,0x0000000000000920,7.6
2020-02-02,18:30:59.940,0.00,0.00,0.0,0,0.00,0,0,71,4.4,-15,9,-1024,12,-1024,1023,-2,0,0,8,0,-1,1,-1,-1,-1,-1,-1,-1,0x0000000000000900,7.6
2020-02-02,18:31:05.390,0.00,0.00,0.0,0,0.00,0,0,70,4.4,-15,11,-1024,12,-1024,1023,-2,0,0,7,0,-1,1,0,-1,-1,-1,-1,-1,0x0000000000000920,7.6
2020-02-02,18:31:05.880,0.00,0.00,0.0,0,0.00,0,0,68,4.4,-15,11,-1024,12,-1024,1023,-3,0,0,8,0,-1,1,0,-1,-1,-1,-1,-1,0x0000000000000920,7.6
2020-02-02,18:31:06.390,0.00,0.00,0.0,0,0.00,0,0,72,4.4,-15,11,-1024,12,-1024,1023,-3,0,0,7,0,-1,1,0,-1,-1,-1,-1,-1,0x0000000000000920,7.6
2020-02-02,18:31:07.190,0.00,0.00,0.0,0,0.00,0,0,74,4.4,-15,11,-1024,12,-1024,1023,-3,0,0,8,0,-1,1,0,-1,-1,-1,-1,-1,0x0000000000000920,7.6
2020-02-02,18:31:07.690,0.00,0.00,0.0,0,0.00,0,0,75,4.4,-16,11,-1024,12,-1024,1023,-2,0,0,8,0,-1,1,0,-1,-1,-1,-1,-1,0x0000000000000920,7.6
2020-02-02,18:31:08.190,0.00,0.00,0.0,0,0.00,0,0,68,4.4,-15,11,-1024,12,-1024,1023,-3,0,0,7,0,-1,1,0,-1,-1,-1,-1,-1,0x0000000000000920,7.6
2020-02-02,18:31:08.690,0.00,0.00,0.0,0,0.00,0,0,66,4.4,-15,206,-1024,12,-1024,1023,-3,0,0,8,0,-1,1,0,-1,-1,-1,-1,-1,0x0000000000000920,7.6
2020-02-02,18:31:09.190,0.00,0.00,0.0,0,0.00,0,0,73,4.4,-15,11,-1024,12,-1024,1023,-2,0,0,7,0,-1,1,0,-1,-1,-1,-1,-1,0x0000000000000920,7.6
2020-02-02,18:37:19.460,0.00,0.00,0.0,0,0.00,0,0,74,4.4,-16,11,-1024,13,-1024,1023,-2,0,0,7,0,-1,-1,0,-1,-1,-1,-1,-1,0x0000000000000920,7.6
2020-02-02,18:37:20.610,0.00,0.00,0.0,0,0.00,0,0,66,4.4,-15,11,-1024,12,-1024,1023,-3,0,0,7,0,-1,-1,0,-1,-1,-1,-1,-1,0x0000000000000920,7.6
2020-02-02,18:37:21.260,0.00,0.00,0.0,0,0.00,0,0,72,4.4,-15,9,-1024,12,-1024,1023,-3,0,0,7,-1,-1,-1,0,-1,-1,-1,-1,-1,0x0000000000000920,7.6
2020-02-02,18:37:21.960,0.00,0.00,0.0,0,0.00,0,0,72,4.4,-15,11,-1024,12,-1024,1023,-3,0,0,7,0,-1,-1,0,-1,-1,-1,-1,-1,0x0000000000000920,7.6
2020-02-02,18:37:22.570,0.00,0.00,0.0,0,0.00,0,0,73,4.4,-15,9,-1024,12,-1024,1023,-3,0,0,8,-1,-1,-1,0,-1,-1,-1,-1,-1,0x0000000000000920,7.6
2020-02-02,18:37:23.060,0.00,0.00,0.0,0,0.00,0,0,77,4.4,-15,11,-1024,12,-1024,1023,-3,0,0,7,0,-1,-1,0,-1,-1,-1,-1,-1,0x0000000000000920,7.6
2020-02-02,18:37:24.380,0.00,0.00,0.0,0,0.00,0,0,70,4.4,-13,11,-1024,12,-1024,1023,-2,0,0,7,0,-1,-1,0,-1,-1,-1,-1,-1,0x0000000000000920,7.6
2020-02-02,18:37:24.870,0.00,0.00,0.0,0,0.00,0,0,79,4.4,-15,11,-1024,13,-1024,1023,-2,0,0,7,0,-1,-1,0,-1,-1,-1,-1,-1,0x0000000000000920,7.6
2020-02-02,18:37:25.370,0.00,0.00,0.0,0,0.00,0,0,68,4.4,-15,11,-1024,12,-1024,1023,-2,0,0,7,0,-1,-1,0,-1,-1,-1,-1,-1,0x0000000000000920,7.6
2020-02-02,18:37:25.870,0.00,0.00,0.0,0,0.00,0,0,74,4.4,-15,11,-1024,13,-1024,1023,-3,0,0,7,-1,-1,-1,0,-1,-1,-1,-1,-1,0x0000000000000920,7.6
2020-02-02,18:37:38.690,0.00,0.00,0.0,0,0.00,0,0,76,4.4,-15,11,-1024,12,-1024,1023,-2,0,0,8,-1,-1,-1,0,-1,1,-1,-1,-1,0x0000000000000920,7.6
2020-02-02,18:37:39.180,0.00,0.00,0.0,0,0.00,0,0,70,4.4,-15,11,-1024,12,-1024,1023,-2,0,0,8,-1,-1,-1,0,-1,1,-1,-1,-1,0x0000000000000920,7.6
2020-02-02,18:37:40.140,0.00,0.00,0.0,0,0.00,0,0,73,4.4,-15,11,-1024,12,-1024,1023,-3,0,0,7,-1,-1,-1,0,-1,1,-1,-1,-1,0x0000000000000920,7.6
2020-02-02,18:37:40.630,0.00,0.00,0.0,0,0.00,0,0,72,4.4,-15,11,-1024,12,-1024,1023,-3,0,0,8,0,-1,-1,0,-1,1,-1,-1,-1,0x0000000000000920,7.6
2020-02-02,18:37:41.130,0.00,0.00,0.0,0,0.00,0,0,73,4.4,-15,11,-1024,12,-1024,1023,-3,0,0,7,0,-1,-1,0,-1,1,-1,-1,-1,0x0000000000000920,7.6
2020-02-02,18:37:41.640,0.00,0.00,0.0,0,0.00,0,0,78,4.4,-15,11,-1024,12,-1024,1023,-3,0,0,7,-1,-1,-1,0,-1,1,-1,-1,-1,0x0000000000000920,7.6
2020-02-02,18:37:42.140,0.00,0.00,0.0,0,0.00,0,0,77,4.4,-15,11,-1024,12,-1024,1023,-3,0,0,7,0,-1,-1,0,-1,1,-1,-1,-1,0x0000000000000920,7.6
2020-02-02,18:37:42.640,0.00,0.00,0.0,0,0.00,0,0,76,4.4,-15,11,-1024,12,-1024,1023,-2,0,0,7,0,-1,-1,0,-1,1,-1,-1,-1,0x0000000000000920,7.6
2020-02-02,18:37:43.140,0.00,0.00,0.0,0,0.00,0,0,76,4.4,-15,29,-1024,12,-1024,1023,-3,0,0,7,0,-1,-1,0,-1,1,-1,-1,-1,0x0000000000000920,7.6
2020-02-02,18:37:43.640,0.00,0.00,0.0,0,0.00,0,0,77,4.4,-15,12,-1024,12,-1024,1023,-3,0,0,7,0,-1,-1,0,-1,1,-1,-1,-1,0x0000000000000920,7.6
2020-02-02,18:37:44.140,0.00,0.00,0.0,0,0.00,0,0,75,4.4,-15,11,-1024,12,-1024,1023,-3,0,0,8,0,-1,-1,0,-1,1,-1,-1,-1,0x0000000000000920,7.6
2020-02-02,18:37:44.640,0.00,0.00,0.0,0,0.00,0,0,81,4.4,-15,11,-1024,12,-1024,1023,-3,0,0,7,-1,-1,-1,0,-1,1,-1,-1,-1,0x0000000000000920,7.6
2020-02-02,18:37:45.140,0.00,0.00,0.0,0,0.00,0,0,80,4.4,-15,11,-1024,12,-1024,1023,-3,0,0,7,0,-1,-1,0,-1,1,-1,-1,-1,0x0000000000000920,7.6
2020-02-02,18:37:45.640,0.00,0.00,0.0,0,0.00,0,0,77,4.4,-15,8,-1024,9,-1024,1023,-3,0,0,7,0,-1,-1,0,-1,1,-1,-1,-1,0x0000000000000920,7.6
2020-02-02,18:37:46.140,0.00,0.00,0.0,0,0.00,0,0,79,4.4,-15,-1003,-1024,35,-1024,1023,-3,0,0,7,0,-1,-1,0,-1,1,-1,-1,-1,0x0000000000000920,7.6
2020-02-02,18:37:46.640,0.00,0.00,0.0,0,0.00,0,0,82,4.4,-15,9,-1024,10,-1024,1023,-3,0,0,7,0,-1,-1,0,-1,1,-1,-1,-1,0x0000000000000920,7.6
2020-02-02,18:37:47.140,0.00,0.00,0.0,0,0.00,0,0,79,4.4,-15,9,-1024,10,-1024,1023,-3,0,0,7,0,-1,-1,0,-1,1,-1,-1,-1,0x0000000000000920,7.6
2020-02-02,18:37:49.500,0.00,0.00,0.0,0,0.00,0,0,72,4.4,-15,9,-1024,10,-1024,1023,-3,0,0,8,0,-1,-1,0,-1,-1,-1,-1,-1,0x0000000000000920,7.6
2020-02-02,18:37:49.840,0.00,0.00,0.0,0,0.00,0,0,73,4.4,-15,9,-1024,10,-1024,1023,-3,0,0,8,0,-1,-1,0,-1,-1,-1,-1,-1,0x0000000000000920,7.6
2020-02-02,18:37:50.340,0.00,0.00,0.0,0,0.00,0,0,71,4.4,-15,9,-1024,10,-1024,1023,-3,0,0,7,0,-1,-1,0,-1,-1,-1,-1,-1,0x0000000000000920,7.6
2020-02-02,18:37:50.840,0.00,0.00,0.0,0,0.00,0,0,70,4.4,-15,9,-1024,10,-1024,1023,-3,0,0,7,0,-1,-1,0,-1,-1,-1,-1,-1,0x0000000000000920,7.6
2020-02-02,18:37:51.340,0.00,0.00,0.0,0,0.00,0,0,75,4.4,-16,-27,-1024,-904,-1024,1023,-3,0,0,7,0,-1,-1,0,-1,-1,-1,-1,-1,0x0000000000000920,7.6
2020-02-02,18:37:51.840,0.00,0.00,0.0,0,0.00,0,0,75,4.4,-15,9,-1024,10,-1024,1023,-3,0,0,8,0,-1,-1,0,-1,-1,-1,-1,-1,0x0000000000000920,7.6
2020-02-02,18:37:52.340,0.00,0.00,0.0,0,0.00,0,0,72,4.4,-15,8,-1024,10,-1024,1023,-2,0,0,7,-1,-1,-1,0,-1,-1,-1,-1,-1,0x0000000000000920,7.6
