Date,Time,RSSI(dB),Rud,Ele,Thr,Ail,S1,6P,S2,EX1,EX2,LS,RS,SA,SB,SC,SD,SE,SF,SG,SH,LSW,TxBat(V)
2020-01-14,20:19:09.590,92,-15,6,-1024,9,-356,204,0,0,0,-1024,1010,-1,-1,0,-1,0,-1,-1,-1,0x0000000000000920,8.1
2020-01-14,20:19:10.080,92,-15,6,-1024,9,-356,204,0,0,0,-1024,1010,-1,-1,0,-1,0,-1,-1,-1,0x0000000000000920,8.1
2020-01-14,20:19:10.580,102,-13,6,-1024,7,-356,204,0,0,0,-1024,1010,-1,-1,0,-1,0,-1,-1,-1,0x0000000000000920,8.1
2020-01-14,20:19:11.080,99,-50,6,-611,-9,-356,204,0,0,0,-1024,1010,-1,-1,0,-1,0,-1,-1,-1,0x0000000000000930,8.1
2020-01-14,20:19:11.580,101,-29,95,-501,-12,-356,204,0,0,0,-1024,1010,-1,-1,0,-1,0,-1,-1,-1,0x0000000000000930,8.1
2020-01-14,20:19:12.080,92,102,-63,-481,148,-356,204,0,0,0,-1024,1011,-1,-1,0,-1,0,-1,-1,-1,0x0000000000000930,8.1
2020-01-14,20:19:12.580,108,322,-197,-204,264,-355,204,0,0,0,-1024,1010,-1,-1,0,-1,0,-1,-1,-1,0x0000000000000930,8.1
2020-01-14,20:19:13.080,107,-13,-12,-557,-231,-356,204,0,0,0,-1024,1010,-1,-1,0,-1,0,-1,-1,-1,0x0000000000000930,8.1
2020-01-14,20:19:13.580,92,55,77,-460,198,-356,204,-1,0,0,-1024,1010,-1,-1,0,-1,0,-1,-1,-1,0x0000000000000930,8.1
2020-01-14,20:19:14.080,93,113,8,-306,116,-356,204,0,0,0,-1024,1010,-1,-1,0,-1,0,-1,-1,-1,0x0000000000000930,8.1
2020-01-14,20:19:14.580,85,147,16,-292,25,-356,204,0,0,0,-1024,1010,-1,-1,0,-1,0,-1,-1,-1,0x0000000000000930,8.1
2020-01-14,20:19:15.080,77,48,1,-414,183,-356,204,0,0,0,-1024,1010,-1,-1,0,-1,0,-1,-1,-1,0x0000000000000930,8.1
2020-01-14,20:19:15.580,77,481,-322,-55,603,-355,204,0,0,0,-1024,1010,-1,-1,0,-1,0,-1,-1,-1,0x0000000000000930,8.1
2020-01-14,20:19:16.080,83,329,-185,-554,158,-356,204,0,0,0,-1024,1010,-1,-1,0,-1,0,-1,-1,-1,0x0000000000000930,8.1
2020-01-14,20:19:16.580,71,326,-336,-187,235,-355,204,0,0,0,-1024,1010,-1,-1,0,-1,0,-1,-1,-1,0x0000000000000930,8.1
2020-01-14,20:19:17.080,71,32,1,-358,-220,-356,204,0,0,0,-1024,1010,-1,-1,0,-1,0,-1,-1,-1,0x0000000000000930,8.1
2020-01-14,20:19:17.580,79,-545,-194,-319,-456,-356,204,0,0,0,-1024,1010,-1,-1,0,-1,0,-1,-1,-1,0x0000000000000930,8.1
2020-01-14,20:19:18.080,46,-38,-75,-447,230,-356,204,0,0,0,-1024,1010,-1,-1,0,-1,0,-1,-1,-1,0x0000000000000930,8.1
2020-01-14,20:19:18.580,87,-20,-165,-433,16,-356,204,0,0,0,-1024,1010,-1,-1,0,-1,0,-1,-1,-1,0x0000000000000930,8.1
2020-01-14,20:19:19.080,92,-249,20,-452,-186,-356,204,0,0,0,-1024,1010,-1,-1,0,-1,0,-1,-1,-1,0x0000000000000930,8.1
2020-01-14,20:19:19.580,99,-281,-78,-376,-68,-356,204,0,0,0,-1024,1010,-1,-1,0,-1,0,-1,-1,-1,0x0000000000000930,8.1
2020-01-14,20:19:20.080,103,-311,4,-358,-338,-356,204,0,0,0,-1024,1010,-1,-1,0,-1,0,-1,-1,-1,0x0000000000000930,8.1
2020-01-14,20:19:20.580,113,-642,-234,-285,-557,-356,204,-1,0,0,-1024,1010,-1,-1,0,-1,0,-1,-1,-1,0x0000000000000930,8.1
2020-01-14,20:19:21.080,104,-355,-198,-287,-270,-356,204,0,0,0,-1024,1010,-1,-1,0,-1,0,-1,-1,-1,0x0000000000000930,8.1
2020-01-14,20:19:21.580,103,312,-209,-381,349,-356,204,0,0,0,-1024,1010,-1,-1,0,-1,0,-1,-1,-1,0x0000000000000930,8.1
2020-01-14,20:19:22.080,101,255,0,-147,456,-356,204,0,0,0,-1024,1010,-1,-1,0,-1,0,-1,-1,-1,0x0000000000000930,8.1
2020-01-14,20:19:22.580,93,-13,-107,-304,-320,-356,204,0,0,0,-1024,1010,-1,-1,0,-1,0,-1,-1,-1,0x0000000000000930,8.1
2020-01-14,20:19:23.080,77,74,35,-401,123,-356,204,0,0,0,-1024,1010,-1,-1,0,-1,0,-1,-1,-1,0x0000000000000930,8.1
2020-01-14,20:19:23.580,79,127,114,-206,13,-356,204,0,0,0,-1024,1010,-1,-1,0,-1,0,-1,-1,-1,0x0000000000000930,8.1
2020-01-14,20:19:24.080,83,511,-148,-376,811,-355,204,0,0,0,-1024,1010,-1,-1,0,-1,0,-1,-1,-1,0x0000000000000930,8.1
2020-01-14,20:19:24.580,80,122,-425,-358,-46,-356,204,0,0,0,-1024,1010,-1,-1,0,-1,0,-1,-1,-1,0x0000000000000930,8.1
2020-01-14,20:19:25.080,75,531,-356,-458,415,-356,204,0,0,0,-1024,1010,-1,-1,0,-1,0,-1,-1,-1,0x0000000000000930,8.1
2020-01-14,20:19:25.580,82,274,1,-295,-40,-356,204,0,0,0,-1024,1010,-1,-1,0,-1,0,-1,-1,-1,0x0000000000000930,8.1
2020-01-14,20:19:26.080,51,-92,116,-276,-32,-356,204,0,0,0,-1024,1010,-1,-1,0,-1,0,-1,-1,-1,0x0000000000000930,8.1
2020-01-14,20:19:26.580,79,-404,-175,-319,-505,-356,204,0,0,0,-1024,1010,-1,-1,0,-1,0,-1,-1,-1,0x0000000000000930,8.1
2020-01-14,20:19:27.080,88,0,-80,-327,330,-356,204,0,0,0,-1024,1010,-1,-1,0,-1,0,-1,-1,-1,0x0000000000000930,8.1
2020-01-14,20:19:27.580,76,-72,33,-508,-118,-356,204,0,0,0,-1024,1010,-1,-1,0,-1,0,-1,-1,-1,0x0000000000000930,8.1
2020-01-14,20:19:28.080,91,-321,-180,-358,-463,-356,204,0,0,0,-1024,1010,-1,-1,0,-1,0,-1,-1,-1,0x0000000000000930,8.1
2020-01-14,20:19:28.580,97,12,-4,-406,429,-356,204,0,0,0,-1024,1010,-1,-1,0,-1,0,-1,-1,-1,0x0000000000000930,8.1
2020-01-14,20:19:29.080,91,-501,12,-401,-372,-356,204,0,0,0,-1024,1010,-1,-1,0,-1,0,-1,-1,-1,0x0000000000000930,8.1
2020-01-14,20:19:29.580,108,-411,-289,-219,7,-356,204,0,0,0,-1024,1010,-1,-1,0,-1,0,-1,-1,-1,0x0000000000000930,8.1
2020-01-14,20:19:30.080,104,111,-128,-227,412,-356,204,0,0,0,-1024,1003,-1,-1,0,-1,0,-1,-1,-1,0x0000000000000930,8.1
2020-01-14,20:19:30.580,106,281,-240,-276,-91,-356,204,0,0,0,-1024,1001,-1,-1,0,-1,0,-1,-1,-1,0x0000000000000930,8.1
2020-01-14,20:19:31.080,100,173,54,-312,106,-356,204,0,0,0,-1024,1002,-1,-1,0,-1,0,-1,-1,-1,0x0000000000000930,8.1
2020-01-14,20:19:31.580,94,-10,6,-495,-164,-356,204,0,0,0,-1024,1001,-1,-1,0,-1,0,-1,-1,-1,0x0000000000000930,8.1
2020-01-14,20:19:32.080,80,114,90,-477,148,-356,204,0,0,0,-1024,1002,-1,-1,0,-1,0,-1,-1,-1,0x0000000000000930,8.1
2020-01-14,20:19:32.580,79,167,0,-276,235,-356,204,0,0,0,-1024,1002,-1,-1,0,-1,0,-1,-1,-1,0x0000000000000930,8.1
2020-01-14,20:19:33.080,84,329,-259,-249,288,-355,204,0,0,0,-1024,1002,-1,-1,0,-1,0,-1,-1,-1,0x0000000000000930,8.1
2020-01-14,20:19:33.580,84,326,-202,-452,267,-355,204,0,0,0,-1024,1002,-1,-1,0,-1,0,-1,-1,-1,0x0000000000000930,8.1
2020-01-14,20:19:34.080,75,385,-288,-271,317,-356,204,0,0,0,-1024,1002,-1,-1,0,-1,0,-1,-1,-1,0x0000000000000930,8.1
2020-01-14,20:19:34.580,81,308,-212,-307,120,-355,204,0,0,0,-1024,1002,-1,-1,0,-1,0,-1,-1,-1,0x0000000000000930,8.1
2020-01-14,20:19:35.080,77,381,-245,-284,220,-356,204,0,0,0,-1024,1002,-1,-1,0,-1,0,-1,-1,-1,0x0000000000000930,8.1
2020-01-14,20:19:35.580,42,204,14,-366,32,-356,204,0,0,0,-1024,1002,-1,-1,0,-1,0,-1,-1,-1,0x0000000000000930,8.1
2020-01-14,20:19:36.080,80,464,-240,-138,400,-355,204,0,0,0,-1024,1002,-1,-1,0,-1,0,-1,-1,-1,0x0000000000000930,8.1
2020-01-14,20:19:36.580,84,350,-118,-420,406,-356,204,0,0,0,-1024,1001,-1,-1,0,-1,0,-1,-1,-1,0x0000000000000930,8.1
2020-01-14,20:19:37.080,70,374,-286,-354,379,-355,204,0,0,0,-1024,1002,-1,-1,0,-1,0,-1,-1,-1,0x0000000000000930,8.1
2020-01-14,20:19:37.580,80,145,-166,-257,-124,-356,204,0,0,0,-1024,1002,-1,-1,0,-1,0,-1,-1,-1,0x0000000000000930,8.1
2020-01-14,20:19:38.080,80,-244,-77,-303,-480,-356,204,0,0,0,-1024,1002,-1,-1,0,-1,0,-1,-1,-1,0x0000000000000930,8.1
2020-01-14,20:19:38.580,68,-241,-289,-363,417,-356,204,0,0,0,-1024,1001,-1,-1,0,-1,0,-1,-1,-1,0x0000000000000930,8.1
2020-01-14,20:19:39.080,80,-63,37,-420,-37,-356,204,0,0,0,-1024,1002,-1,-1,0,-1,0,-1,-1,-1,0x0000000000000930,8.1
2020-01-14,20:19:39.580,86,-172,3,-276,-205,-356,204,0,0,0,-1024,1002,-1,-1,0,-1,0,-1,-1,-1,0x0000000000000930,8.1
2020-01-14,20:19:40.080,81,-304,-117,-433,16,-356,204,0,0,0,-1024,1001,-1,-1,0,-1,0,-1,-1,-1,0x0000000000000930,8.1
2020-01-14,20:19:40.580,111,-72,6,-393,238,-356,204,0,0,0,-1024,1002,-1,-1,0,-1,0,-1,-1,-1,0x0000000000000930,8.1
2020-01-14,20:19:41.080,112,-692,-306,-107,-463,-356,204,0,0,0,-1024,1001,-1,-1,0,-1,0,-1,-1,-1,0x0000000000000930,8.1
2020-01-14,20:19:41.580,104,-352,-123,-433,-334,-356,204,0,0,0,-1024,1002,-1,-1,0,-1,0,-1,-1,-1,0x0000000000000930,8.1
2020-01-14,20:19:42.080,98,127,-53,-396,252,-356,204,0,0,0,-1024,1001,-1,-1,0,-1,0,-1,-1,-1,0x0000000000000930,8.1
2020-01-14,20:19:42.580,99,452,-75,-377,541,-355,204,0,0,0,-1024,1002,-1,-1,0,-1,0,-1,-1,-1,0x0000000000000930,8.1
2020-01-14,20:19:43.080,94,-18,-333,-612,-694,-356,204,0,0,0,-1024,1002,-1,-1,0,-1,0,-1,-1,-1,0x0000000000000930,8.1
2020-01-14,20:19:43.580,84,-3,72,-485,226,-356,204,0,0,0,-1024,1001,-1,-1,0,-1,0,-1,-1,-1,0x0000000000000930,8.1
2020-01-14,20:19:44.080,81,450,-77,-257,510,-356,204,0,0,0,-1024,1002,-1,-1,0,-1,0,-1,-1,-1,0x0000000000000930,8.1
2020-01-14,20:19:44.580,71,133,-6,-192,-295,-356,204,0,0,0,-1024,1001,-1,-1,0,-1,0,-1,-1,-1,0x0000000000000930,8.1
2020-01-14,20:19:45.080,84,-451,-252,-281,-453,-356,204,0,0,0,-1024,1002,-1,-1,0,-1,0,-1,-1,-1,0x0000000000000930,8.1
2020-01-14,20:19:45.580,81,-283,-189,-131,76,-356,204,0,0,0,-1024,1001,-1,-1,0,-1,0,-1,-1,-1,0x0000000000000930,8.1
2020-01-14,20:19:46.080,72,-600,-143,-404,-624,-356,204,0,0,0,-1024,1001,-1,-1,0,-1,0,-1,-1,-1,0x0000000000000930,8.1
2020-01-14,20:19:46.580,71,-104,-58,-279,41,-356,204,0,0,0,-1024,1002,-1,-1,0,-1,0,-1,-1,-1,0x0000000000000930,8.1
2020-01-14,20:19:47.080,65,-52,-77,-223,103,-356,204,0,0,0,-1024,1001,-1,-1,0,-1,0,-1,-1,-1,0x0000000000000930,8.1
2020-01-14,20:19:47.580,77,-138,-53,-374,-237,-356,204,0,0,0,-1024,1002,-1,-1,0,-1,0,-1,-1,-1,0x0000000000000930,8.1
2020-01-14,20:19:48.080,88,-187,-86,-427,-62,-356,204,0,0,0,-1024,1002,-1,-1,0,-1,0,-1,-1,-1,0x0000000000000930,8.1
2020-01-14,20:19:48.580,96,-348,-111,-423,-411,-356,204,0,0,0,-1024,1002,-1,-1,0,-1,0,-1,-1,-1,0x0000000000000930,8.1
2020-01-14,20:19:49.080,99,-23,-41,-338,353,-356,204,-1,0,0,-1024,1002,-1,-1,0,-1,0,-1,-1,-1,0x0000000000000930,8.1
2020-01-14,20:19:49.580,102,-351,58,-603,-226,-356,204,0,0,0,-1024,1001,-1,-1,0,-1,0,-1,-1,-1,0x0000000000000930,8.1
2020-01-14,20:19:50.080,115,-589,-235,-231,-402,-356,204,0,0,0,-1024,1002,-1,-1,0,-1,0,-1,-1,-1,0x0000000000000930,8.1
2020-01-14,20:19:50.580,103,-314,19,-352,-220,-356,204,0,0,0,-1024,1001,-1,-1,0,-1,0,-1,-1,-1,0x0000000000000930,8.1
2020-01-14,20:19:51.080,93,359,-84,-352,423,-356,204,0,0,0,-1024,1002,-1,-1,0,-1,0,-1,-1,-1,0x0000000000000930,8.1
2020-01-14,20:19:51.580,95,354,-257,-30,213,-356,204,0,0,0,-1024,1001,-1,-1,0,-1,0,-1,-1,-1,0x0000000000000930,8.1
2020-01-14,20:19:52.080,86,-36,6,-336,258,-356,204,0,0,0,-1024,1001,-1,-1,0,-1,0,-1,-1,-1,0x0000000000000930,8.1
2020-01-14,20:19:52.580,92,43,35,-366,-34,-356,204,0,0,0,-1024,1002,-1,-1,0,-1,0,-1,-1,-1,0x0000000000000930,8.1
2020-01-14,20:19:53.080,83,75,61,-384,32,-356,204,0,0,0,-1024,1001,-1,-1,0,-1,0,-1,-1,-1,0x0000000000000930,8.1
2020-01-14,20:19:53.580,84,213,533,103,235,-355,204,0,0,0,-1024,1002,-1,-1,0,-1,0,-1,-1,-1,0x0000000000000930,8.1
2020-01-14,20:20:27.290,88,-16,6,-1024,9,-356,204,0,0,0,-1024,1001,-1,-1,0,-1,0,-1,-1,-1,0x0000000000000920,8.1
2020-01-14,20:20:27.790,88,-15,6,-1024,9,-356,204,0,0,0,-1024,1002,-1,-1,0,-1,0,-1,-1,-1,0x0000000000000920,8.1
2020-01-14,20:20:28.290,98,-7,6,-1024,7,-356,204,0,0,0,-1024,1002,-1,-1,0,-1,0,-1,-1,-1,0x0000000000000920,8.1
2020-01-14,20:20:28.790,97,-21,6,-1024,9,-356,204,0,0,0,-1024,1002,-1,-1,0,-1,0,-1,-1,-1,0x0000000000000920,8.1
2020-01-14,20:20:29.290,87,-230,145,-584,13,-356,204,0,0,0,-1024,1002,-1,-1,0,-1,0,-1,-1,-1,0x0000000000000930,8.1
2020-01-14,20:20:29.790,101,405,-185,-304,380,-356,204,0,0,0,-1024,1002,-1,-1,0,-1,0,-1,-1,-1,0x0000000000000930,8.1
2020-01-14,20:20:30.290,99,-170,-80,-588,-501,-356,204,0,0,0,-1024,1002,-1,-1,0,-1,0,-1,-1,-1,0x0000000000000930,8.1
2020-01-14,20:20:30.790,85,-238,-89,-185,-228,-356,204,0,0,0,-1024,1002,-1,-1,0,-1,0,-1,-1,-1,0x0000000000000930,8.1
2020-01-14,20:20:31.290,80,-72,-111,-315,68,-356,204,0,0,0,-1024,1002,-1,-1,0,-1,0,-1,-1,-1,0x0000000000000930,8.1
2020-01-14,20:20:31.790,74,-488,-331,-115,-321,-356,204,0,0,0,-1024,1002,-1,-1,0,-1,0,-1,-1,-1,0x0000000000000930,8.1
2020-01-14,20:20:32.290,88,26,6,-382,327,-356,204,0,0,0,-1024,1002,-1,-1,0,-1,0,-1,-1,-1,0x0000000000000930,8.1
2020-01-14,20:20:32.790,71,-557,19,-336,-553,-356,204,0,0,0,-1024,1002,-1,-1,0,-1,0,-1,-1,-1,0x0000000000000930,8.1
2020-01-14,20:20:33.290,69,-394,-214,-322,-256,-356,204,0,0,0,-1024,1002,-1,-1,0,-1,0,-1,-1,-1,0x0000000000000930,8.1
2020-01-14,20:20:33.790,71,-252,-77,-214,79,-356,204,0,0,0,-1024,1002,-1,-1,0,-1,0,-1,-1,-1,0x0000000000000930,8.1
2020-01-14,20:20:34.290,77,401,-128,-311,591,-356,204,0,0,0,-1024,1002,-1,-1,0,-1,0,-1,-1,-1,0x0000000000000930,8.1
2020-01-14,20:20:34.790,83,147,-174,-352,-82,-356,204,0,0,0,-1024,1002,-1,-1,0,-1,0,-1,-1,-1,0x0000000000000930,8.1
2020-01-14,20:20:35.290,92,52,-55,-395,-292,-356,204,0,0,0,-1024,1002,-1,-1,0,-1,0,-1,-1,-1,0x0000000000000930,8.1
2020-01-14,20:20:35.790,88,147,4,-411,247,-355,204,0,0,0,-1024,1002,-1,-1,0,-1,0,-1,-1,-1,0x0000000000000930,8.1
2020-01-14,20:20:36.290,58,-97,59,-257,-52,-356,204,-1,0,0,-1024,1002,-1,-1,0,-1,0,-1,-1,-1,0x0000000000000930,8.1
2020-01-14,20:20:36.790,101,443,-129,-320,519,-355,204,0,0,0,-1024,1001,-1,-1,0,-1,0,-1,-1,-1,0x0000000000000930,8.1
2020-01-14,20:20:37.290,96,407,-103,-355,345,-355,204,0,0,0,-1024,1002,-1,-1,0,-1,0,-1,-1,-1,0x0000000000000930,8.1
2020-01-14,20:20:37.790,92,255,-87,-476,194,-356,204,0,0,0,-1024,1002,-1,-1,0,-1,0,-1,-1,-1,0x0000000000000930,8.1
2020-01-14,20:20:38.290,91,342,-171,-238,213,-355,204,0,0,0,-1024,1002,-1,-1,0,-1,0,-1,-1,-1,0x0000000000000930,8.1
2020-01-14,20:20:38.790,94,435,-20,-339,461,-356,204,0,0,0,-1024,1002,-1,-1,0,-1,0,-1,-1,-1,0x0000000000000930,8.1
2020-01-14,20:20:39.290,94,469,-257,-225,533,-355,204,0,0,0,-1024,1002,-1,-1,0,-1,0,-1,-1,-1,0x0000000000000930,8.1
2020-01-14,20:20:39.790,96,235,-404,-206,168,-356,204,0,0,0,-1024,1002,-1,-1,0,-1,0,-1,-1,-1,0x0000000000000930,8.1
2020-01-14,20:20:40.290,91,-423,145,-284,-439,-356,204,0,0,0,-1024,1002,-1,-1,0,-1,0,-1,-1,-1,0x0000000000000930,8.1
2020-01-14,20:20:40.790,89,-420,-269,-112,-458,-356,204,-1,0,0,-1024,1002,-1,-1,0,-1,0,-1,-1,-1,0x0000000000000930,8.1
2020-01-14,20:20:41.290,91,-158,98,-365,-215,-356,204,0,0,0,-1024,1002,-1,-1,0,-1,0,-1,-1,-1,0x0000000000000930,8.1
2020-01-14,20:20:41.790,93,-432,-474,-193,-545,-356,204,0,0,0,-1024,1002,-1,-1,0,-1,0,-1,-1,-1,0x0000000000000930,8.1
2020-01-14,20:20:42.290,99,-67,-112,-257,458,-356,204,0,0,0,-1024,1002,-1,-1,0,-1,0,-1,-1,-1,0x0000000000000930,8.1
2020-01-14,20:20:42.790,101,-140,8,-236,394,-356,204,0,0,0,-1024,1002,-1,-1,0,-1,0,-1,-1,-1,0x0000000000000930,8.1
2020-01-14,20:20:43.290,99,-180,-120,-423,-228,-356,204,0,0,0,-1024,1002,-1,-1,0,-1,0,-1,-1,-1,0x0000000000000930,8.1
2020-01-14,20:20:43.790,97,-220,4,-401,-135,-356,204,0,0,0,-1024,1002,-1,-1,0,-1,0,-1,-1,-1,0x0000000000000930,8.1
2020-01-14,20:20:44.290,71,-437,-231,-328,-613,-356,204,0,0,0,-1024,1002,-1,-1,0,-1,0,-1,-1,-1,0x0000000000000930,8.1
2020-01-14,20:20:44.790,79,92,-90,-325,518,-356,204,0,0,0,-1024,1002,-1,-1,0,-1,0,-1,-1,-1,0x0000000000000930,8.1
2020-01-14,20:20:45.290,74,-113,225,-201,-191,-356,204,0,0,0,-1024,1002,-1,-1,0,-1,0,-1,-1,-1,0x0000000000000930,8.1
2020-01-14,20:20:45.790,68,740,-84,-225,585,-355,204,0,0,0,-1024,1002,-1,-1,0,-1,0,-1,-1,-1,0x0000000000000930,8.1
2020-01-14,20:20:46.290,70,255,-107,-292,-195,-356,204,0,0,0,-1024,1002,-1,-1,0,-1,0,-1,-1,-1,0x0000000000000930,8.1
2020-01-14,20:20:46.790,73,68,49,-388,-222,-356,204,0,0,0,-1024,1002,-1,-1,0,-1,0,-1,-1,-1,0x0000000000000930,8.1
2020-01-14,20:20:47.290,78,325,-87,-269,290,-356,204,0,0,0,-1024,1002,-1,-1,0,-1,0,-1,-1,-1,0x0000000000000930,8.1
2020-01-14,20:20:47.790,81,195,25,-265,224,-355,204,0,0,0,-1024,1002,-1,-1,0,-1,0,-1,-1,-1,0x0000000000000930,8.1
2020-01-14,20:20:48.290,77,44,-16,-190,36,-356,204,0,0,0,-1024,1002,-1,-1,0,-1,0,-1,-1,-1,0x0000000000000930,8.1
2020-01-14,20:20:48.790,91,305,-240,-60,346,-355,204,0,0,0,-1024,1002,-1,-1,0,-1,0,-1,-1,-1,0x0000000000000930,8.1
2020-01-14,20:20:49.290,93,-303,95,-301,-564,-356,204,0,0,0,-1024,1002,-1,-1,0,-1,0,-1,-1,-1,0x0000000000000930,8.1
2020-01-14,20:20:49.790,98,-380,-124,-257,-559,-356,204,0,0,0,-1024,1001,-1,-1,0,-1,0,-1,-1,-1,0x0000000000000930,8.1
2020-01-14,20:20:50.290,97,-404,-237,-303,-486,-356,204,0,0,0,-1024,1002,-1,-1,0,-1,0,-1,-1,-1,0x0000000000000930,8.1
2020-01-14,20:20:50.790,91,-340,-209,-306,-408,-356,204,0,0,0,-1024,1002,-1,-1,0,-1,0,-1,-1,-1,0x0000000000000930,8.1
2020-01-14,20:20:51.290,80,-75,-192,-342,262,-356,204,0,0,0,-1024,1002,-1,-1,0,-1,0,-1,-1,-1,0x0000000000000930,8.1
2020-01-14,20:20:51.790,103,-566,-155,-225,-613,-356,204,0,0,0,-1024,1002,-1,-1,0,-1,0,-1,-1,-1,0x0000000000000930,8.1
2020-01-14,20:20:52.290,91,-478,-447,-195,-386,-356,204,0,0,0,-1024,1002,-1,-1,0,-1,0,-1,-1,-1,0x0000000000000930,8.1
2020-01-14,20:20:52.790,98,-529,-300,-179,-565,-356,204,0,0,0,-1024,1002,-1,-1,0,-1,0,-1,-1,-1,0x0000000000000930,8.1
2020-01-14,20:20:53.290,92,-341,-370,-133,-394,-356,204,0,0,0,-1024,1001,-1,-1,0,-1,0,-1,-1,-1,0x0000000000000930,8.1
2020-01-14,20:20:53.790,92,-135,-26,-304,6,-356,204,0,0,0,-1024,1002,-1,-1,0,-1,0,-1,-1,-1,0x0000000000000930,8.1
2020-01-14,20:20:54.290,96,-463,-200,-342,-654,-356,204,0,0,0,-1024,1001,-1,-1,0,-1,0,-1,-1,-1,0x0000000000000930,8.1
2020-01-14,20:20:54.790,80,-146,-143,-390,206,-356,204,0,0,0,-1024,1002,-1,-1,0,-1,0,-1,-1,-1,0x0000000000000930,8.1
2020-01-14,20:20:55.290,83,154,103,-465,128,-356,204,0,0,0,-1024,1002,-1,-1,0,-1,0,-1,-1,-1,0x0000000000000930,8.1
2020-01-14,20:20:55.790,79,635,-430,-19,455,-355,204,0,0,0,-1024,1002,-1,-1,0,-1,0,-1,-1,-1,0x0000000000000930,8.1
2020-01-14,20:20:56.300,74,106,125,-523,-177,-356,204,0,0,0,-1024,1001,-1,-1,0,-1,0,-1,-1,-1,0x0000000000000930,8.1
2020-01-14,20:20:56.800,71,198,3,-379,-142,-356,204,0,0,0,-1024,999,-1,-1,0,-1,0,-1,-1,-1,0x0000000000000930,8.1
2020-01-14,20:20:57.300,74,333,-100,-263,382,-355,204,0,0,0,-1024,999,-1,-1,0,-1,0,-1,-1,-1,0x0000000000000930,8.1
2020-01-14,20:20:57.800,85,-10,-101,-423,-254,-356,204,0,0,0,-1024,999,-1,-1,0,-1,0,-1,-1,-1,0x0000000000000930,8.1
2020-01-14,20:20:58.300,70,49,22,-344,32,-356,204,0,0,0,-1024,999,-1,-1,0,-1,0,-1,-1,-1,0x0000000000000930,8.1
2020-01-14,20:20:58.800,95,85,-61,-277,50,-356,204,0,0,0,-1024,999,-1,-1,0,-1,0,-1,-1,-1,0x0000000000000930,8.1
2020-01-14,20:20:59.300,94,540,-158,-222,559,-356,204,0,0,0,-1024,999,-1,-1,0,-1,0,-1,-1,-1,0x0000000000000930,8.1
2020-01-14,20:20:59.800,93,281,-3,-138,223,-356,204,0,0,0,-1024,999,-1,-1,0,-1,0,-1,-1,-1,0x0000000000000930,8.1
2020-01-14,20:21:00.300,99,343,-326,-366,481,-355,204,0,0,0,-1024,999,-1,-1,0,-1,0,-1,-1,-1,0x0000000000000930,8.1
2020-01-14,20:21:00.800,85,38,-185,-217,-397,-356,204,0,0,0,-1024,999,-1,-1,0,-1,0,-1,-1,-1,0x0000000000000930,8.1
2020-01-14,20:21:01.300,79,664,-211,-219,589,-355,204,0,0,0,-1024,999,-1,-1,0,-1,0,-1,-1,-1,0x0000000000000930,8.1
2020-01-14,20:21:01.800,97,408,-195,-361,258,-356,204,0,0,0,-1024,999,-1,-1,0,-1,0,-1,-1,-1,0x0000000000000930,8.1
2020-01-14,20:21:02.300,83,292,-90,-273,10,-355,204,0,0,0,-1024,999,-1,-1,0,-1,0,-1,-1,-1,0x0000000000000930,8.1
2020-01-14,20:21:02.800,92,556,-422,46,541,-355,204,0,0,0,-1024,999,-1,-1,0,-1,0,-1,-1,-1,0x0000000000000930,8.1
2020-01-14,20:21:03.300,87,-645,-330,-174,-654,-356,204,0,0,0,-1024,999,-1,-1,0,-1,0,-1,-1,-1,0x0000000000000930,8.1
2020-01-14,20:21:03.800,85,-121,95,-465,359,-355,204,0,0,0,-1024,999,-1,-1,0,-1,0,-1,-1,-1,0x0000000000000930,8.1
2020-01-14,20:21:04.300,83,-84,-86,-165,-332,-356,204,0,0,0,-1024,999,-1,-1,0,-1,0,-1,-1,-1,0x0000000000000930,8.1
2020-01-14,20:21:04.800,79,-281,-155,-406,-400,-356,204,0,0,0,-1024,999,-1,-1,0,-1,0,-1,-1,-1,0x0000000000000930,8.1
2020-01-14,20:21:05.300,81,-121,0,-303,180,-356,204,0,0,0,-1024,999,-1,-1,0,-1,0,-1,-1,-1,0x0000000000000930,8.1
2020-01-14,20:21:05.800,71,-545,16,-342,-400,-356,204,0,0,0,-1024,1001,-1,-1,0,-1,0,-1,-1,-1,0x0000000000000930,8.1
2020-01-14,20:21:06.300,75,-475,-354,-109,-467,-356,204,0,0,0,-1024,999,-1,-1,0,-1,0,-1,-1,-1,0x0000000000000930,8.1
2020-01-14,20:21:06.800,80,269,-1,-352,608,-355,204,0,0,0,-1024,999,-1,-1,0,-1,0,-1,-1,-1,0x0000000000000930,8.1
2020-01-14,20:21:07.300,76,202,-35,-319,3,-356,204,0,0,0,-1024,999,-1,-1,0,-1,0,-1,-1,-1,0x0000000000000930,8.1
2020-01-14,20:21:07.800,81,255,-52,-166,177,-356,204,0,0,0,-1024,999,-1,-1,0,-1,0,-1,-1,-1,0x0000000000000930,8.1
2020-01-14,20:21:08.300,85,133,-115,-266,256,-356,204,0,0,0,-1024,999,-1,-1,0,-1,0,-1,-1,-1,0x0000000000000930,8.1
2020-01-14,20:21:08.800,90,-30,-1,-414,-278,-356,204,0,0,0,-1024,999,-1,-1,0,-1,0,-1,-1,-1,0x0000000000000930,8.1
2020-01-14,20:21:09.300,82,388,-53,-211,644,-356,204,0,0,0,-1024,1001,-1,-1,0,-1,0,-1,-1,-1,0x0000000000000930,8.1
2020-01-14,20:21:09.800,98,343,-342,-50,418,-356,204,0,0,0,-1024,999,-1,-1,0,-1,0,-1,-1,-1,0x0000000000000930,8.1
2020-01-14,20:21:10.300,84,402,-410,-276,389,-356,204,0,0,0,-1024,999,-1,-1,0,-1,0,-1,-1,-1,0x0000000000000930,8.1
2020-01-14,20:21:10.800,90,288,-158,-260,-88,-356,204,0,0,0,-1024,999,-1,-1,0,-1,0,-1,-1,-1,0x0000000000000930,8.1
2020-01-14,20:21:11.300,73,562,-197,-363,421,-356,204,0,0,0,-1024,999,-1,-1,0,-1,0,-1,-1,-1,0x0000000000000930,8.1
2020-01-14,20:21:11.800,95,371,-134,-352,227,-356,204,0,0,0,-1024,1001,-1,-1,0,-1,0,-1,-1,-1,0x0000000000000930,8.1
2020-01-14,20:21:12.300,88,-76,45,40,-323,-356,204,0,0,0,-1024,999,-1,-1,0,-1,0,-1,-1,-1,0x0000000000000930,8.1
2020-01-14,20:21:36.950,104,-15,6,-1024,9,-356,204,0,0,0,-1024,999,-1,-1,0,-1,0,-1,-1,-1,0x0000000000000920,8.1
2020-01-14,20:21:37.450,104,-15,6,-1024,9,-356,204,0,0,0,-1024,999,-1,-1,0,-1,0,-1,-1,-1,0x0000000000000920,8.1
2020-01-14,20:21:37.950,103,-15,4,-1024,9,-356,204,0,0,0,-1024,1001,-1,-1,0,-1,0,-1,-1,-1,0x0000000000000920,8.1
2020-01-14,20:21:38.450,106,13,35,-112,10,-356,204,0,0,0,-1024,999,-1,-1,0,-1,0,-1,-1,-1,0x0000000000000930,8.1
2020-01-14,20:21:38.950,99,111,153,-558,227,-356,204,0,0,0,-1024,1001,-1,-1,0,-1,0,-1,-1,-1,0x0000000000000930,8.1
2020-01-14,20:21:39.450,95,0,-63,-341,81,-356,204,0,0,0,-1024,999,-1,-1,0,-1,0,-1,-1,-1,0x0000000000000930,8.1
2020-01-14,20:21:39.950,93,-55,-7,-339,-1,-356,204,0,0,0,-1024,1001,-1,-1,0,-1,0,-1,-1,-1,0x0000000000000930,8.1
2020-01-14,20:21:40.450,84,-15,53,-371,16,-356,204,0,0,0,-1024,999,-1,-1,0,-1,0,-1,-1,-1,0x0000000000000930,8.1
2020-01-14,20:21:40.950,85,-400,-402,-217,-598,-356,204,0,0,0,-1024,1001,-1,-1,0,-1,0,-1,-1,-1,0x0000000000000930,8.1
2020-01-14,20:21:41.450,74,114,8,-339,565,-355,204,0,0,0,-1024,1001,-1,-1,0,-1,0,-1,-1,-1,0x0000000000000930,8.1
2020-01-14,20:21:41.950,67,-748,-285,10,-593,-356,204,0,0,0,-1024,1001,-1,-1,0,-1,0,-1,-1,-1,0x0000000000000930,8.1
2020-01-14,20:21:42.450,72,-471,-251,-468,-532,-356,204,0,0,0,-1024,1001,-1,-1,0,-1,0,-1,-1,-1,0x0000000000000930,8.1
2020-01-14,20:21:42.950,85,48,88,-608,536,-356,204,0,0,0,-1024,999,-1,-1,0,-1,0,-1,-1,-1,0x0000000000000930,8.1
2020-01-14,20:21:43.450,84,388,-262,-249,258,-355,204,0,0,0,-1024,999,-1,-1,0,-1,0,-1,-1,-1,0x0000000000000930,8.1
2020-01-14,20:21:43.950,91,139,-1,-7,-13,-356,204,0,0,0,-1024,1001,-1,-1,0,-1,0,-1,-1,-1,0x0000000000000930,8.1
2020-01-14,20:21:44.450,92,52,85,-249,128,-356,204,0,0,0,-1024,1001,-1,-1,0,-1,0,-1,-1,-1,0x0000000000000930,8.1
2020-01-14,20:21:44.950,76,227,-144,-212,440,-356,204,0,0,0,-1024,1001,-1,-1,0,-1,0,-1,-1,-1,0x0000000000000930,8.1
2020-01-14,20:21:45.450,93,63,3,-336,96,-356,204,0,0,0,-1024,999,-1,-1,0,-1,0,-1,-1,-1,0x0000000000000930,8.1
2020-01-14,20:21:45.950,70,359,-351,-61,22,-356,204,0,0,0,-1024,1001,-1,-1,0,-1,0,-1,-1,-1,0x0000000000000930,8.1
2020-01-14,20:21:46.450,97,370,-271,-255,388,-356,204,0,0,0,-1024,999,-1,-1,0,-1,0,-1,-1,-1,0x0000000000000930,8.1
2020-01-14,20:21:46.950,94,257,-405,-182,229,-355,204,0,0,0,-1024,1001,-1,-1,0,-1,0,-1,-1,-1,0x0000000000000930,8.1
2020-01-14,20:21:47.450,81,136,-239,-214,-261,-356,204,0,0,0,-1024,999,-1,-1,0,-1,0,-1,-1,-1,0x0000000000000930,8.1
2020-01-14,20:21:47.950,88,585,-138,-198,340,-355,204,0,0,0,-1024,999,-1,-1,0,-1,0,-1,-1,-1,0x0000000000000930,8.1
2020-01-14,20:21:48.450,95,347,-222,-203,55,-356,204,0,0,0,-1024,1001,-1,-1,0,-1,0,-1,-1,-1,0x0000000000000930,8.1
2020-01-14,20:21:48.950,100,193,4,-263,246,-356,204,0,0,0,-1024,999,-1,-1,0,-1,0,-1,-1,-1,0x0000000000000930,8.1
2020-01-14,20:21:49.450,87,-395,-53,-195,-456,-356,204,0,0,0,-1024,1001,-1,-1,0,-1,0,-1,-1,-1,0x0000000000000930,8.1
2020-01-14,20:21:49.950,90,-445,-63,-171,-142,-356,204,0,0,0,-1024,999,-1,-1,0,-1,0,-1,-1,-1,0x0000000000000930,8.1
2020-01-14,20:21:50.450,77,-278,-112,-404,-400,-356,204,0,0,0,-1024,1001,-1,-1,0,-1,0,-1,-1,-1,0x0000000000000930,8.1
2020-01-14,20:21:50.950,72,-443,-431,-204,-312,-356,204,0,0,0,-1024,1001,-1,-1,0,-1,0,-1,-1,-1,0x0000000000000930,8.1
2020-01-14,20:21:51.450,107,-283,-78,-198,64,-356,204,0,0,0,-1024,999,-1,-1,0,-1,0,-1,-1,-1,0x0000000000000930,8.1
2020-01-14,20:21:51.950,106,-518,-77,-371,-469,-356,204,0,0,0,-1024,1001,-1,-1,0,-1,0,-1,-1,-1,0x0000000000000930,8.1
2020-01-14,20:21:52.450,92,-465,-257,-323,-268,-356,204,0,0,0,-1024,999,-1,-1,0,-1,0,-1,-1,-1,0x0000000000000930,8.1
2020-01-14,20:21:52.950,90,-463,-80,-295,-203,-356,204,0,0,0,-1024,1001,-1,-1,0,-1,0,-1,-1,-1,0x0000000000000930,8.1
2020-01-14,20:21:53.450,92,-626,-360,-219,-464,-356,204,0,0,0,-1024,999,-1,-1,0,-1,0,-1,-1,-1,0x0000000000000930,8.1
2020-01-14,20:21:53.950,93,-400,-169,-239,-329,-356,204,0,0,0,-1024,1001,-1,-1,0,-1,0,-1,-1,-1,0x0000000000000930,8.1
2020-01-14,20:21:54.450,89,-237,4,-152,-43,-356,204,-1,0,0,-1024,999,-1,-1,0,-1,0,-1,-1,-1,0x0000000000000930,8.1
2020-01-14,20:21:54.950,88,-420,-322,-112,-229,-356,204,0,0,0,-1024,1001,-1,-1,0,-1,0,-1,-1,-1,0x0000000000000930,8.1
2020-01-14,20:21:55.450,93,-403,-249,-395,-472,-356,204,0,0,0,-1024,1001,-1,-1,0,-1,0,-1,-1,-1,0x0000000000000930,8.1
2020-01-14,20:21:55.950,95,-423,-414,-301,-351,-356,204,0,0,0,-1024,999,-1,-1,0,-1,0,-1,-1,-1,0x0000000000000930,8.1
2020-01-14,20:21:56.450,99,-60,-232,-214,102,-356,204,0,0,0,-1024,1001,-1,-1,0,-1,0,-1,-1,-1,0x0000000000000930,8.1
2020-01-14,20:21:56.950,112,1,30,-214,-12,-356,204,0,0,0,-1024,999,-1,-1,0,-1,0,-1,-1,-1,0x0000000000000930,8.1
2020-01-14,20:21:57.450,88,339,-52,-396,530,-356,204,0,0,0,-1024,1001,-1,-1,0,-1,0,-1,-1,-1,0x0000000000000930,8.1
2020-01-14,20:21:57.950,86,-254,-44,-311,-570,-356,204,0,0,0,-1024,999,-1,-1,0,-1,0,-1,-1,-1,0x0000000000000930,8.1
2020-01-14,20:21:58.450,82,13,-3,-427,533,-356,204,0,0,0,-1024,999,-1,-1,0,-1,0,-1,-1,-1,0x0000000000000930,8.1
2020-01-14,20:21:58.950,90,-281,14,-385,-498,-356,204,0,0,0,-1024,1001,-1,-1,0,-1,0,-1,-1,-1,0x0000000000000930,8.1
2020-01-14,20:21:59.450,83,-335,-464,-238,-303,-356,204,0,0,0,-1024,999,-1,-1,0,-1,0,-1,-1,-1,0x0000000000000930,8.1
2020-01-14,20:21:59.950,87,-43,62,-349,187,-355,204,0,0,0,-1024,999,-1,-1,0,-1,0,-1,-1,-1,0x0000000000000930,8.1
2020-01-14,20:22:00.450,83,656,17,-392,518,-356,204,0,0,0,-1024,1001,-1,-1,0,-1,0,-1,-1,-1,0x0000000000000930,8.1
2020-01-14,20:22:00.950,77,421,-277,-87,293,-356,204,0,0,0,-1024,999,-1,-1,0,-1,0,-1,-1,-1,0x0000000000000930,8.1
2020-01-14,20:22:01.450,80,-110,3,-455,-431,-356,204,0,0,0,-1024,1001,-1,-1,0,-1,0,-1,-1,-1,0x0000000000000930,8.1
2020-01-14,20:22:01.950,82,376,-80,42,727,-356,204,0,0,0,-1024,999,-1,-1,0,-1,0,-1,-1,-1,0x0000000000000930,8.1
2020-01-14,20:22:02.450,87,43,-18,-344,-88,-356,204,0,0,0,-1024,999,-1,-1,0,-1,0,-1,-1,-1,0x0000000000000930,8.1
2020-01-14,20:22:02.950,86,512,-115,-344,513,-356,204,0,0,0,-1024,999,-1,-1,0,-1,0,-1,-1,-1,0x0000000000000930,8.1
2020-01-14,20:22:03.450,96,288,-74,-258,68,-355,204,0,0,0,-1024,999,-1,-1,0,-1,0,-1,-1,-1,0x0000000000000930,8.1
2020-01-14,20:22:03.950,94,185,-90,-58,-327,-356,204,0,0,0,-1024,1001,-1,-1,0,-1,0,-1,-1,-1,0x0000000000000930,8.1
2020-01-14,20:22:04.450,85,632,-240,-144,508,-356,204,0,0,0,-1024,999,-1,-1,0,-1,0,-1,-1,-1,0x0000000000000930,8.1
2020-01-14,20:22:04.950,95,416,-149,-354,265,-356,204,-1,0,0,-1024,999,-1,-1,0,-1,0,-1,-1,-1,0x0000000000000930,8.1
2020-01-14,20:22:05.450,90,188,-112,-182,110,-356,204,0,0,0,-1024,999,-1,-1,0,-1,0,-1,-1,-1,0x0000000000000930,8.1
2020-01-14,20:22:05.950,98,317,-55,-87,327,-355,204,0,0,0,-1024,999,-1,-1,0,-1,0,-1,-1,-1,0x0000000000000930,8.1
2020-01-14,20:22:06.450,102,453,-251,-203,588,-355,204,0,0,0,-1024,999,-1,-1,0,-1,0,-1,-1,-1,0x0000000000000930,8.1
2020-01-14,20:22:06.950,80,317,-397,-115,366,-355,204,0,0,0,-1024,999,-1,-1,0,-1,0,-1,-1,-1,0x0000000000000930,8.1
2020-01-14,20:22:07.450,78,66,-232,-246,-3,-356,204,0,0,0,-1024,999,-1,-1,0,-1,0,-1,-1,-1,0x0000000000000930,8.1
2020-01-14,20:22:07.950,88,-445,19,-219,-391,-356,204,0,0,0,-1024,999,-1,-1,0,-1,0,-1,-1,-1,0x0000000000000930,8.1
2020-01-14,20:22:08.450,92,-183,4,-273,235,-356,204,0,0,0,-1024,1001,-1,-1,0,-1,0,-1,-1,-1,0x0000000000000930,8.1
2020-01-14,20:22:08.950,85,-10,-63,-279,392,-356,204,0,0,0,-1024,999,-1,-1,0,-1,0,-1,-1,-1,0x0000000000000930,8.1
2020-01-14,20:22:09.450,92,-264,-109,-377,-275,-356,204,0,0,0,-1024,999,-1,-1,0,-1,0,-1,-1,-1,0x0000000000000930,8.1
2020-01-14,20:22:09.950,83,-84,-4,-377,392,-356,204,0,0,0,-1024,999,-1,-1,0,-1,0,-1,-1,-1,0x0000000000000930,8.1
2020-01-14,20:22:10.450,84,-398,43,-293,-442,-356,204,0,0,0,-1024,999,-1,-1,0,-1,0,-1,-1,-1,0x0000000000000930,8.1
2020-01-14,20:22:10.950,58,-566,-309,-7,-556,-356,204,0,0,0,-1024,999,-1,-1,0,-1,0,-1,-1,-1,0x0000000000000930,8.1
2020-01-14,20:22:11.450,80,171,-4,-258,512,-356,204,0,0,0,-1024,999,-1,-1,0,-1,0,-1,-1,-1,0x0000000000000930,8.1
2020-01-14,20:22:11.950,77,280,-225,-292,9,-356,204,0,0,0,-1024,1001,-1,-1,0,-1,0,-1,-1,-1,0x0000000000000930,8.1
2020-01-14,20:22:12.450,80,96,14,-295,-66,-356,204,0,0,0,-1024,999,-1,-1,0,-1,0,-1,-1,-1,0x0000000000000930,8.1
2020-01-14,20:22:12.950,88,176,-26,-247,165,-355,204,0,0,0,-1024,999,-1,-1,0,-1,0,-1,-1,-1,0x0000000000000930,8.1
2020-01-14,20:22:13.450,90,15,14,-315,10,-356,204,0,0,0,-1024,999,-1,-1,0,-1,0,-1,-1,-1,0x0000000000000930,8.1
2020-01-14,20:22:13.950,97,393,-16,-281,582,-356,204,0,0,0,-1024,999,-1,-1,0,-1,0,-1,-1,-1,0x0000000000000930,8.1
2020-01-14,20:22:14.450,108,348,-333,25,230,-356,204,0,0,0,-1024,999,-1,-1,0,-1,0,-1,-1,-1,0x0000000000000930,8.1
2020-01-14,20:22:14.950,84,395,-342,-328,380,-356,204,0,0,0,-1024,999,-1,-1,0,-1,0,-1,-1,-1,0x0000000000000930,8.1
2020-01-14,20:22:15.450,90,134,-260,-292,70,-356,204,0,0,0,-1024,999,-1,-1,0,-1,0,-1,-1,-1,0x0000000000000930,8.1
2020-01-14,20:22:15.950,88,627,-225,-317,227,-356,204,0,0,0,-1024,999,-1,-1,0,-1,0,-1,-1,-1,0x0000000000000930,8.1
2020-01-14,20:22:16.450,94,548,-97,-350,391,-355,204,0,0,0,-1024,999,-1,-1,0,-1,0,-1,-1,-1,0x0000000000000930,8.1
2020-01-14,20:22:16.950,95,-33,-160,-223,-632,-356,204,-1,0,0,-1024,999,-1,-1,0,-1,0,-1,-1,-1,0x0000000000000930,8.1
2020-01-14,20:22:17.450,102,604,-242,-225,567,-356,204,0,0,0,-1024,999,-1,-1,0,-1,0,-1,-1,-1,0x0000000000000930,8.1
2020-01-14,20:22:17.950,90,365,-158,-288,174,-355,204,-1,0,0,-1024,999,-1,-1,0,-1,0,-1,-1,-1,0x0000000000000930,8.1
2020-01-14,20:22:18.450,90,343,-149,-61,249,-356,204,0,0,0,-1024,998,-1,-1,0,-1,0,-1,-1,-1,0x0000000000000930,8.1
2020-01-14,20:22:18.950,94,571,-212,-185,574,-356,204,0,0,0,-1024,999,-1,-1,0,-1,0,-1,-1,-1,0x0000000000000930,8.1
2020-01-14,20:22:19.450,96,288,9,-211,174,-356,204,0,0,0,-1024,999,-1,-1,0,-1,0,-1,-1,-1,0x0000000000000930,8.1
2020-01-14,20:22:19.950,88,450,-346,-433,430,-356,204,0,0,0,-1024,999,-1,-1,0,-1,0,-1,-1,-1,0x0000000000000930,8.1
2020-01-14,20:22:20.450,76,353,-319,-130,183,-356,204,0,0,0,-1024,999,-1,-1,0,-1,0,-1,-1,-1,0x0000000000000930,8.1
2020-01-14,20:22:20.950,84,94,-30,-300,9,-356,204,0,0,0,-1024,999,-1,-1,0,-1,0,-1,-1,-1,0x0000000000000930,8.1
2020-01-14,20:22:21.450,95,-568,91,-227,-438,-356,204,0,0,0,-1024,999,-1,-1,0,-1,0,-1,-1,-1,0x0000000000000930,8.1
2020-01-14,20:22:21.950,89,-488,-1,-271,-358,-356,204,0,0,0,-1024,999,-1,-1,0,-1,0,-1,-1,-1,0x0000000000000930,8.1
2020-01-14,20:22:22.450,94,-198,-211,-317,21,-356,204,0,0,0,-1024,999,-1,-1,0,-1,0,-1,-1,-1,0x0000000000000930,8.1
2020-01-14,20:22:22.950,72,-498,-299,-104,-285,-356,204,0,0,0,-1024,999,-1,-1,0,-1,0,-1,-1,-1,0x0000000000000930,8.1
2020-01-14,20:22:23.450,93,-501,-195,-144,-450,-356,204,0,0,0,-1024,999,-1,-1,0,-1,0,-1,-1,-1,0x0000000000000930,8.1
2020-01-14,20:22:23.950,85,-286,-163,-377,-410,-356,204,0,0,0,-1024,999,-1,-1,0,-1,0,-1,-1,-1,0x0000000000000930,8.1
2020-01-14,20:22:24.450,91,-95,-61,-287,408,-356,204,0,0,0,-1024,999,-1,-1,0,-1,0,-1,-1,-1,0x0000000000000930,8.1
2020-01-14,20:22:24.950,85,-335,-128,-427,-494,-356,204,0,0,0,-1024,999,-1,-1,0,-1,0,-1,-1,-1,0x0000000000000930,8.1
2020-01-14,20:22:25.450,79,-53,4,-311,461,-356,204,0,0,0,-1024,999,-1,-1,0,-1,0,-1,-1,-1,0x0000000000000930,8.1
2020-01-14,20:22:25.950,89,-548,-74,-330,-758,-356,204,0,0,0,-1024,999,-1,-1,0,-1,0,-1,-1,-1,0x0000000000000930,8.1
2020-01-14,20:22:26.450,80,-511,-536,51,-464,-356,204,-1,0,0,-1024,999,-1,-1,0,-1,0,-1,-1,-1,0x0000000000000930,8.1
2020-01-14,20:22:26.950,80,264,80,-422,510,-355,204,0,0,0,-1024,998,-1,-1,0,-1,0,-1,-1,-1,0x0000000000000930,8.1
2020-01-14,20:22:27.450,66,450,-274,-217,357,-356,204,0,0,0,-1024,999,-1,-1,0,-1,0,-1,-1,-1,0x0000000000000930,8.1
2020-01-14,20:22:27.950,90,-146,8,-323,-348,-356,204,0,0,0,-1024,999,-1,-1,0,-1,0,-1,-1,-1,0x0000000000000930,8.1
2020-01-14,20:22:28.450,93,102,4,-239,136,-355,204,0,0,0,-1024,999,-1,-1,0,-1,0,-1,-1,-1,0x0000000000000930,8.1
2020-01-14,20:22:28.950,75,278,-80,-174,229,-356,204,0,0,0,-1024,999,-1,-1,0,-1,0,-1,-1,-1,0x0000000000000930,8.1
2020-01-14,20:22:29.450,97,325,-434,-233,172,-356,204,0,0,0,-1024,999,-1,-1,0,-1,0,-1,-1,-1,0x0000000000000930,8.1
2020-01-14,20:22:29.950,95,370,-103,-376,65,-356,204,0,0,0,-1024,999,-1,-1,0,-1,0,-1,-1,-1,0x0000000000000930,8.1
2020-01-14,20:22:30.450,96,388,-260,-173,339,-356,204,0,0,0,-1024,998,-1,-1,0,-1,0,-1,-1,-1,0x0000000000000930,8.1
2020-01-14,20:22:30.950,79,261,-118,-158,174,-356,204,0,0,0,-1024,999,-1,-1,0,-1,0,-1,-1,-1,0x0000000000000930,8.1
2020-01-14,20:22:31.450,99,584,-340,-201,519,-356,204,0,0,0,-1024,998,-1,-1,0,-1,0,-1,-1,-1,0x0000000000000930,8.1
2020-01-14,20:22:31.950,85,342,-265,-266,360,-355,204,0,0,0,-1024,999,-1,-1,0,-1,0,-1,-1,-1,0x0000000000000930,8.1
2020-01-14,20:22:32.450,83,683,-289,-163,423,-356,204,0,0,0,-1024,999,-1,-1,0,-1,0,-1,-1,-1,0x0000000000000930,8.1
2020-01-14,20:22:32.950,93,130,54,-14,-149,-356,204,0,0,0,-1024,999,-1,-1,0,-1,0,-1,-1,-1,0x0000000000000930,8.1
2020-01-14,20:22:33.450,95,-531,-183,-179,-595,-356,204,0,0,0,-1024,999,-1,-1,0,-1,0,-1,-1,-1,0x0000000000000930,8.1
2020-01-14,20:22:33.950,89,54,-265,-317,331,-356,204,0,0,0,-1024,999,-1,-1,0,-1,0,-1,-1,-1,0x0000000000000930,8.1
2020-01-14,20:22:34.450,84,-200,-49,-404,-404,-356,204,0,0,0,-1024,999,-1,-1,0,-1,0,-1,-1,-1,0x0000000000000930,8.1
2020-01-14,20:22:34.950,78,-331,-214,0,1,-356,204,0,0,0,-1024,998,-1,-1,0,-1,0,-1,-1,-1,0x0000000000000930,8.1
2020-01-14,20:22:35.450,82,-307,124,-450,-222,-356,204,0,0,0,-1024,999,-1,-1,0,-1,0,-1,-1,-1,0x0000000000000930,8.1
2020-01-14,20:22:35.950,79,-578,-421,-49,-391,-356,204,0,0,0,-1024,999,-1,-1,0,-1,0,-1,-1,-1,0x0000000000000930,8.1
2020-01-14,20:22:36.450,80,190,3,-212,346,-356,204,0,0,0,-1024,999,-1,-1,0,-1,0,-1,-1,-1,0x0000000000000930,8.1
2020-01-14,20:22:36.950,76,528,-178,-73,594,-355,204,0,0,0,-1024,999,-1,-1,0,-1,0,-1,-1,-1,0x0000000000000930,8.1
2020-01-14,20:22:37.450,81,-81,-124,-260,-335,-356,204,0,0,0,-1024,998,-1,-1,0,-1,0,-1,-1,-1,0x0000000000000930,8.1
2020-01-14,20:22:37.950,88,252,-24,-207,568,-355,204,0,0,0,-1024,999,-1,-1,0,-1,0,-1,-1,-1,0x0000000000000930,8.1
2020-01-14,20:22:38.450,94,-200,-178,-238,-685,-356,204,0,0,0,-1024,999,-1,-1,0,-1,0,-1,-1,-1,0x0000000000000930,8.1
2020-01-14,20:22:38.950,101,481,-222,-33,658,-356,204,0,0,0,-1024,999,-1,-1,0,-1,0,-1,-1,-1,0x0000000000000930,8.1
2020-01-14,20:22:39.450,93,298,-268,-174,-12,-356,204,-1,0,0,-1024,999,-1,-1,0,-1,0,-1,-1,-1,0x0000000000000930,8.1
2020-01-14,20:22:39.950,95,523,-112,-271,498,-356,204,0,0,0,-1024,999,-1,-1,0,-1,0,-1,-1,-1,0x0000000000000930,8.1
2020-01-14,20:22:40.450,77,260,-52,-103,7,-356,204,0,0,0,-1024,999,-1,-1,0,-1,0,-1,-1,-1,0x0000000000000930,8.1
2020-01-14,20:22:40.950,82,591,-111,-165,626,-355,204,0,0,0,-1024,998,-1,-1,0,-1,0,-1,-1,-1,0x0000000000000930,8.1
2020-01-14,20:22:41.450,84,274,-172,-188,247,-355,204,0,0,0,-1024,999,-1,-1,0,-1,0,-1,-1,-1,0x0000000000000930,8.1
2020-01-14,20:22:41.950,95,605,-106,-309,414,-356,204,-1,0,0,-1024,999,-1,-1,0,-1,0,-1,-1,-1,0x0000000000000930,8.1
2020-01-14,20:22:42.450,100,201,-158,-198,215,-355,204,0,0,0,-1024,999,-1,-1,0,-1,0,-1,-1,-1,0x0000000000000930,8.1
2020-01-14,20:22:42.950,90,700,-246,-63,710,-355,204,0,0,0,-1024,999,-1,-1,0,-1,0,-1,-1,-1,0x0000000000000930,8.1
2020-01-14,20:22:43.450,88,-286,-104,-227,-582,-356,204,0,0,0,-1024,999,-1,-1,0,-1,0,-1,-1,-1,0x0000000000000930,8.1
2020-01-14,20:22:43.950,101,469,-180,8,562,-356,204,0,0,0,-1024,999,-1,-1,0,-1,0,-1,-1,-1,0x0000000000000930,8.1
2020-01-14,20:22:44.450,98,308,-183,-182,114,-356,204,0,0,0,-1024,999,-1,-1,0,-1,0,-1,-1,-1,0x0000000000000930,8.1
2020-01-14,20:22:44.950,93,427,-274,-325,418,-356,204,0,0,0,-1024,999,-1,-1,0,-1,0,-1,-1,-1,0x0000000000000930,8.1
2020-01-14,20:22:45.450,92,258,-180,-196,250,-355,204,0,0,0,-1024,999,-1,-1,0,-1,0,-1,-1,-1,0x0000000000000930,8.1
2020-01-14,20:22:45.950,92,30,79,-279,97,-356,204,0,0,0,-1024,999,-1,-1,0,-1,0,-1,-1,-1,0x0000000000000930,8.1
2020-01-14,20:22:46.450,87,-594,-183,-112,-665,-356,204,0,0,0,-1024,999,-1,-1,0,-1,0,-1,-1,-1,0x0000000000000930,8.1
2020-01-14,20:22:46.950,99,-628,-425,-26,-522,-356,204,0,0,0,-1024,998,-1,-1,0,-1,0,-1,-1,-1,0x0000000000000930,8.1
2020-01-14,20:22:47.450,98,-29,59,-255,221,-356,204,-1,0,0,-1024,999,-1,-1,0,-1,0,-1,-1,-1,0x0000000000000930,8.1
2020-01-14,20:22:47.950,86,-395,-33,-26,-539,-356,204,0,0,0,-1024,999,-1,-1,0,-1,0,-1,-1,-1,0x0000000000000930,8.1
2020-01-14,20:22:48.450,89,-374,-428,-201,-500,-356,204,0,0,0,-1024,999,-1,-1,0,-1,0,-1,-1,-1,0x0000000000000930,8.1
2020-01-14,20:22:48.950,98,240,-218,-111,495,-356,204,0,0,0,-1024,999,-1,-1,0,-1,0,-1,-1,-1,0x0000000000000930,8.1
2020-01-14,20:25:06.920,86,-16,6,-1024,9,-356,204,0,0,0,-1024,999,-1,-1,0,-1,0,-1,-1,-1,0x0000000000000920,8.1
2020-01-14,20:25:07.410,89,-15,6,-1024,9,-356,204,0,0,0,-1024,999,-1,-1,0,-1,0,-1,-1,-1,0x0000000000000920,8.1
2020-01-14,20:25:07.910,88,23,3,-1024,9,-356,204,0,0,0,-1024,999,-1,-1,0,-1,0,-1,-1,-1,0x0000000000000920,8.1
2020-01-14,20:25:08.410,89,-16,3,-1024,9,-356,204,0,0,0,-1024,999,-1,-1,0,-1,0,-1,-1,-1,0x0000000000000920,8.1
2020-01-14,20:25:08.910,89,-20,137,-471,-49,-356,204,0,0,0,-1024,999,-1,-1,0,-1,0,-1,-1,-1,0x0000000000000930,8.1
2020-01-14,20:25:09.410,85,-149,16,-223,18,-356,204,0,0,0,-1024,999,-1,-1,0,-1,0,-1,-1,-1,0x0000000000000930,8.0
2020-01-14,20:25:09.910,90,-400,-35,-463,-514,-356,204,0,0,0,-1024,999,-1,-1,0,-1,0,-1,-1,-1,0x0000000000000930,8.0
2020-01-14,20:25:10.410,93,-320,-313,-298,-197,-356,204,0,0,0,-1024,999,-1,-1,0,-1,0,-1,-1,-1,0x0000000000000930,8.0
2020-01-14,20:25:10.910,91,-334,-149,-274,-298,-356,204,0,0,0,-1024,999,-1,-1,0,-1,0,-1,-1,-1,0x0000000000000930,8.0
2020-01-14,20:25:11.410,107,-107,58,-420,421,-356,204,0,0,0,-1024,999,-1,-1,0,-1,0,-1,-1,-1,0x0000000000000930,8.0
2020-01-14,20:25:11.910,99,-64,85,-192,-38,-356,204,0,0,0,-1024,999,-1,-1,0,-1,0,-1,-1,-1,0x0000000000000930,8.0
2020-01-14,20:25:12.410,90,-123,-140,-487,18,-356,204,0,0,0,-1024,999,-1,-1,0,-1,0,-1,-1,-1,0x0000000000000930,8.0
2020-01-14,20:25:12.910,88,-255,-16,-514,-287,-356,204,0,0,0,-1024,999,-1,-1,0,-1,0,-1,-1,-1,0x0000000000000930,8.0
2020-01-14,20:25:13.410,91,-324,-111,-53,189,-356,204,0,0,0,-1024,999,-1,-1,0,-1,0,-1,-1,-1,0x0000000000000930,8.0
2020-01-14,20:25:13.910,74,-375,3,-419,-601,-355,204,0,0,0,-1024,999,-1,-1,0,-1,0,-1,-1,-1,0x0000000000000930,8.0
2020-01-14,20:25:14.410,56,-509,-377,-141,-343,-356,204,0,0,0,-1024,999,-1,-1,0,-1,0,-1,-1,-1,0x0000000000000930,8.0
2020-01-14,20:25:14.910,81,-33,8,-281,278,-356,204,0,0,0,-1024,999,-1,-1,0,-1,0,-1,-1,-1,0x0000000000000930,8.0
2020-01-14,20:25:15.410,75,421,-106,-273,447,-356,204,-1,0,0,-1024,999,-1,-1,0,-1,0,-1,-1,-1,0x0000000000000930,8.0
2020-01-14,20:25:15.910,92,261,-148,-285,12,-356,204,0,0,0,-1024,999,-1,-1,0,-1,0,-1,-1,-1,0x0000000000000930,8.0
2020-01-14,20:25:16.410,71,410,-134,-317,354,-355,204,0,0,0,-1024,999,-1,-1,0,-1,0,-1,-1,-1,0x0000000000000930,8.0
2020-01-14,20:25:16.910,89,-87,3,-214,-514,-356,204,0,0,0,-1024,999,-1,-1,0,-1,0,-1,-1,-1,0x0000000000000930,8.0
2020-01-14,20:25:17.410,85,17,96,-150,518,-356,204,0,0,0,-1024,999,-1,-1,0,-1,0,-1,-1,-1,0x0000000000000930,8.1
2020-01-14,20:25:17.910,76,-386,-259,-354,-646,-356,204,0,0,0,-1024,999,-1,-1,0,-1,0,-1,-1,-1,0x0000000000000930,8.1
2020-01-14,20:25:18.410,83,-41,46,-382,539,-356,204,0,0,0,-1024,999,-1,-1,0,-1,0,-1,-1,-1,0x0000000000000930,8.1
2020-01-14,20:25:18.910,73,-210,-37,-193,-565,-356,204,0,0,0,-1024,999,-1,-1,0,-1,0,-1,-1,-1,0x0000000000000930,8.1
2020-01-14,20:25:19.410,99,-404,-365,-215,-362,-356,204,0,0,0,-1024,999,-1,-1,0,-1,0,-1,-1,-1,0x0000000000000930,8.1
2020-01-14,20:25:19.910,104,-113,-135,-250,221,-356,204,0,0,0,-1024,999,-1,-1,0,-1,0,-1,-1,-1,0x0000000000000930,8.1
2020-01-14,20:25:20.410,101,-377,8,-231,-360,-356,204,0,0,0,-1024,999,-1,-1,0,-1,0,-1,-1,-1,0x0000000000000930,8.1
2020-01-14,20:25:20.910,88,-588,-211,-138,-494,-356,204,0,0,0,-1024,999,-1,-1,0,-1,0,-1,-1,-1,0x0000000000000930,8.1
2020-01-14,20:25:21.410,93,-420,-189,-271,-351,-356,204,0,0,0,-1024,999,-1,-1,0,-1,0,-1,-1,-1,0x0000000000000930,8.1
2020-01-14,20:25:21.910,45,-642,-303,-103,-537,-356,204,0,0,0,-1024,999,-1,-1,0,-1,0,-1,-1,-1,0x0000000000000930,8.1
2020-01-14,20:25:22.410,99,-287,-134,-284,-282,-356,204,0,0,0,-1024,999,-1,-1,0,-1,0,-1,-1,-1,0x0000000000000930,8.1
2020-01-14,20:25:22.910,95,99,-112,-152,198,-356,204,0,0,0,-1024,999,-1,-1,0,-1,0,-1,-1,-1,0x0000000000000930,8.1
2020-01-14,20:25:23.410,89,385,-117,-104,452,-355,204,0,0,0,-1024,999,-1,-1,0,-1,0,-1,-1,-1,0x0000000000000930,8.1
2020-01-14,20:25:23.910,87,503,-376,-107,377,-356,204,0,0,0,-1024,999,-1,-1,0,-1,0,-1,-1,-1,0x0000000000000930,8.1
2020-01-14,20:25:24.410,79,188,-137,-388,411,-356,204,0,0,0,-1024,999,-1,-1,0,-1,0,-1,-1,-1,0x0000000000000930,8.1
2020-01-14,20:25:24.910,73,408,-12,-330,559,-355,204,0,0,0,-1024,999,-1,-1,0,-1,0,-1,-1,-1,0x0000000000000930,8.1
2020-01-14,20:25:25.410,81,393,-306,-3,322,-355,204,0,0,0,-1024,999,-1,-1,0,-1,0,-1,-1,-1,0x0000000000000930,8.1
2020-01-14,20:25:25.910,93,60,-128,-479,-455,-356,204,0,0,0,-1024,999,-1,-1,0,-1,0,-1,-1,-1,0x0000000000000930,8.1
2020-01-14,20:25:26.410,91,339,-271,95,105,-356,204,0,0,0,-1024,999,-1,-1,0,-1,0,-1,-1,-1,0x0000000000000930,8.1
2020-01-14,20:25:26.910,87,661,-252,-263,973,-356,204,0,0,0,-1024,999,-1,-1,0,-1,0,-1,-1,-1,0x0000000000000930,8.1
2020-01-14,20:25:27.410,86,-44,6,-1024,-208,-356,204,0,0,0,-1024,999,-1,-1,0,-1,0,-1,-1,-1,0x0000000000000920,8.1
2020-01-14,20:25:29.520,92,-13,6,-1024,9,-356,204,0,0,0,-1024,999,-1,-1,0,-1,0,-1,-1,-1,0x0000000000000920,8.1
2020-01-14,20:25:30.010,95,-13,6,-1024,9,-356,204,0,0,0,-1024,999,-1,-1,0,-1,0,-1,-1,-1,0x0000000000000920,8.1
2020-01-14,20:25:30.510,93,-303,8,-595,-77,-356,204,0,0,0,-1024,999,-1,-1,0,-1,0,-1,-1,-1,0x0000000000000930,8.1
2020-01-14,20:25:31.010,92,-477,4,-195,-330,-356,204,0,0,0,-1024,999,-1,-1,0,-1,0,-1,-1,-1,0x0000000000000930,8.1
2020-01-14,20:25:31.510,93,-395,-124,-320,22,-356,204,0,0,0,-1024,999,-1,-1,0,-1,0,-1,-1,-1,0x0000000000000930,8.1
2020-01-14,20:25:32.010,88,-12,24,-166,307,-355,204,0,0,0,-1024,999,-1,-1,0,-1,0,-1,-1,-1,0x0000000000000930,8.1
2020-01-14,20:25:32.510,88,-56,154,-269,-135,-356,204,0,0,0,-1024,999,-1,-1,0,-1,0,-1,-1,-1,0x0000000000000930,8.1
2020-01-14,20:25:33.010,86,119,109,-314,250,-356,204,0,0,0,-1024,999,-1,-1,0,-1,0,-1,-1,-1,0x0000000000000930,8.1
2020-01-14,20:25:33.510,83,41,29,-106,88,-356,204,0,0,0,-1024,998,-1,-1,0,-1,0,-1,-1,-1,0x0000000000000930,8.0
2020-01-14,20:25:34.010,99,398,-251,-68,512,-356,204,0,0,0,-1024,999,-1,-1,0,-1,0,-1,-1,-1,0x0000000000000930,8.0
2020-01-14,20:25:34.510,98,75,-121,-428,-156,-356,204,-1,0,0,-1024,999,-1,-1,0,-1,0,-1,-1,-1,0x0000000000000930,8.0
2020-01-14,20:25:35.010,86,206,11,-153,340,-356,204,0,0,0,-1024,998,-1,-1,0,-1,0,-1,-1,-1,0x0000000000000930,8.0
2020-01-14,20:25:35.510,89,398,-12,-271,420,-355,204,0,0,0,-1024,999,-1,-1,0,-1,0,-1,-1,-1,0x0000000000000930,8.0
2020-01-14,20:25:36.010,87,342,-129,-234,13,-356,204,0,0,0,-1024,999,-1,-1,0,-1,0,-1,-1,-1,0x0000000000000930,8.0
2020-01-14,20:25:36.510,80,398,-135,-290,368,-356,204,0,0,0,-1024,999,-1,-1,0,-1,0,-1,-1,-1,0x0000000000000930,8.0
2020-01-14,20:25:37.010,82,376,259,-344,-169,-356,204,0,0,0,-1024,999,-1,-1,0,-1,0,-1,-1,-1,0x0000000000000930,8.0
2020-01-14,20:25:39.820,86,-15,6,-1024,9,-356,204,0,0,0,-1024,999,-1,-1,0,-1,0,-1,-1,-1,0x0000000000000920,8.0
2020-01-14,20:25:40.310,79,-13,6,-1024,9,-356,204,0,0,0,-1024,999,-1,-1,0,-1,0,-1,-1,-1,0x0000000000000920,8.0
2020-01-14,20:25:40.810,81,-40,19,-1024,-9,-356,204,0,0,0,-1024,999,-1,-1,0,-1,0,-1,-1,-1,0x0000000000000920,8.0
2020-01-14,20:25:41.310,85,-320,6,-128,-186,-356,204,0,0,0,-1024,999,-1,-1,0,-1,0,-1,-1,-1,0x0000000000000930,8.0
2020-01-14,20:25:41.810,94,226,-95,-298,134,-356,204,0,0,0,-1024,999,-1,-1,0,-1,0,-1,-1,-1,0x0000000000000930,8.0
2020-01-14,20:25:42.310,89,401,-49,-306,143,-355,204,0,0,0,-1024,999,-1,-1,0,-1,0,-1,-1,-1,0x0000000000000930,8.0
2020-01-14,20:25:42.810,86,238,20,-349,44,-356,204,0,0,0,-1024,999,-1,-1,0,-1,0,-1,-1,-1,0x0000000000000930,8.0
2020-01-14,20:25:43.310,86,292,6,-220,143,-356,204,0,0,0,-1024,999,-1,-1,0,-1,0,-1,-1,-1,0x0000000000000930,8.0
2020-01-14,20:25:43.810,92,618,-374,-122,362,-356,204,0,0,0,-1024,999,-1,-1,0,-1,0,-1,-1,-1,0x0000000000000930,8.0
2020-01-14,20:25:44.310,93,342,-4,-433,85,-356,204,0,0,0,-1024,998,-1,-1,0,-1,0,-1,-1,-1,0x0000000000000930,8.0
2020-01-14,20:25:44.810,92,257,14,-219,253,-356,204,0,0,0,-1024,999,-1,-1,0,-1,0,-1,-1,-1,0x0000000000000930,8.0
2020-01-14,20:25:45.310,99,178,-12,-80,10,-356,204,0,0,0,-1024,999,-1,-1,0,-1,0,-1,-1,-1,0x0000000000000930,8.0
2020-01-14,20:25:45.810,87,667,-280,-398,632,-355,204,0,0,0,-1024,999,-1,-1,0,-1,0,-1,-1,-1,0x0000000000000930,8.0
2020-01-14,20:25:46.310,86,133,-208,-396,-121,-356,204,0,0,0,-1024,999,-1,-1,0,-1,0,-1,-1,-1,0x0000000000000930,8.0
2020-01-14,20:25:46.810,97,-90,-186,-244,-198,-356,204,0,0,0,-1024,998,-1,-1,0,-1,0,-1,-1,-1,0x0000000000000930,8.0
2020-01-14,20:25:47.310,102,153,20,-263,220,-356,204,0,0,0,-1024,999,-1,-1,0,-1,0,-1,-1,-1,0x0000000000000930,8.0
2020-01-14,20:25:47.810,102,-9,108,-377,-245,-356,204,0,0,0,-1024,999,-1,-1,0,-1,0,-1,-1,-1,0x0000000000000930,8.0
2020-01-14,20:25:48.310,97,-41,-160,-281,-43,-356,204,0,0,0,-1024,999,-1,-1,0,-1,0,-1,-1,-1,0x0000000000000930,8.0
2020-01-14,20:26:50.380,89,-15,6,-1024,9,-356,204,0,0,0,-1024,999,-1,-1,0,-1,0,-1,-1,-1,0x0000000000000920,8.0
2020-01-14,20:26:50.870,74,-15,6,-1024,9,-356,204,0,0,0,-1024,999,-1,-1,0,-1,0,-1,-1,-1,0x0000000000000920,8.0
2020-01-14,20:26:51.370,94,65,6,-1024,9,-356,204,0,0,0,-1024,999,-1,-1,0,-1,0,-1,-1,-1,0x0000000000000920,8.0
2020-01-14,20:26:51.870,102,-69,166,-422,-166,-356,204,0,0,0,-1024,999,-1,-1,0,-1,0,-1,-1,-1,0x0000000000000930,8.0
2020-01-14,20:26:52.370,95,13,8,-523,166,-356,204,0,0,0,-1024,999,-1,-1,0,-1,0,-1,-1,-1,0x0000000000000930,8.0
2020-01-14,20:26:52.870,98,325,-70,-184,374,-356,204,0,0,0,-1024,999,-1,-1,0,-1,0,-1,-1,-1,0x0000000000000930,8.0
2020-01-14,20:26:53.370,107,60,-144,-376,-91,-356,204,0,0,0,-1024,999,-1,-1,0,-1,0,-1,-1,-1,0x0000000000000930,8.0
2020-01-14,20:26:53.870,95,89,4,-461,155,-356,204,0,0,0,-1024,999,-1,-1,0,-1,0,-1,-1,-1,0x0000000000000930,8.0
2020-01-14,20:26:54.370,94,85,48,-349,-6,-356,204,0,0,0,-1024,999,-1,-1,0,-1,0,-1,-1,-1,0x0000000000000930,8.0
2020-01-14,20:26:54.870,69,336,17,-427,548,-356,204,0,0,0,-1024,999,-1,-1,0,-1,0,-1,-1,-1,0x0000000000000930,8.0
2020-01-14,20:26:55.370,75,416,-351,-152,513,-356,204,0,0,0,-1024,999,-1,-1,0,-1,0,-1,-1,-1,0x0000000000000930,8.0
2020-01-14,20:26:55.870,76,24,-157,-488,-388,-356,204,0,0,0,-1024,999,-1,-1,0,-1,0,-1,-1,-1,0x0000000000000930,8.0
2020-01-14,20:26:56.370,72,377,-9,-390,368,-356,204,-1,0,0,-1024,999,-1,-1,0,-1,0,-1,-1,-1,0x0000000000000930,8.0
2020-01-14,20:26:56.870,73,381,-151,-211,6,-356,204,0,0,0,-1024,999,-1,-1,0,-1,0,-1,-1,-1,0x0000000000000930,8.0
2020-01-14,20:26:57.370,76,-7,22,-525,7,-356,204,0,0,0,-1024,999,-1,-1,0,-1,0,-1,-1,-1,0x0000000000000930,8.0
2020-01-14,20:26:57.870,76,272,-55,-269,346,-356,204,0,0,0,-1024,998,-1,-1,0,-1,0,-1,-1,-1,0x0000000000000930,8.0
2020-01-14,20:26:58.370,92,419,-203,-320,90,-355,204,0,0,0,-1024,999,-1,-1,0,-1,0,-1,-1,-1,0x0000000000000930,8.0
2020-01-14,20:26:58.870,86,295,-109,-366,85,-356,204,0,0,0,-1024,999,-1,-1,0,-1,0,-1,-1,-1,0x0000000000000930,8.0
2020-01-14,20:26:59.370,69,467,-61,-420,473,-355,204,0,0,0,-1024,999,-1,-1,0,-1,0,-1,-1,-1,0x0000000000000930,8.0
2020-01-14,20:26:59.870,76,638,-218,-435,382,-356,204,0,0,0,-1024,999,-1,-1,0,-1,0,-1,-1,-1,0x0000000000000930,8.0
2020-01-14,20:27:00.370,78,412,-188,-317,308,-355,204,0,0,0,-1024,999,-1,-1,0,-1,0,-1,-1,-1,0x0000000000000930,8.0
2020-01-14,20:27:00.870,79,309,-92,-336,322,-355,204,0,0,0,-1024,999,-1,-1,0,-1,0,-1,-1,-1,0x0000000000000930,8.0
2020-01-14,20:27:01.370,54,480,-131,-263,547,-356,204,0,0,0,-1024,999,-1,-1,0,-1,0,-1,-1,-1,0x0000000000000930,8.0
2020-01-14,20:27:01.870,78,280,-242,-219,10,-356,204,0,0,0,-1024,999,-1,-1,0,-1,0,-1,-1,-1,0x0000000000000930,8.0
2020-01-14,20:27:02.370,70,158,-70,-260,-298,-356,204,0,0,0,-1024,999,-1,-1,0,-1,0,-1,-1,-1,0x0000000000000930,8.0
2020-01-14,20:27:02.870,71,464,-129,-115,537,-355,204,0,0,0,-1024,999,-1,-1,0,-1,0,-1,-1,-1,0x0000000000000930,8.0
2020-01-14,20:27:03.370,87,447,-393,-192,434,-356,204,0,0,0,-1024,999,-1,-1,0,-1,0,-1,-1,-1,0x0000000000000930,8.0
2020-01-14,20:27:03.870,76,120,58,-541,-306,-356,204,0,0,0,-1024,999,-1,-1,0,-1,0,-1,-1,-1,0x0000000000000930,8.0
2020-01-14,20:27:04.370,79,-83,220,-336,-275,-356,204,0,0,0,-1024,999,-1,-1,0,-1,0,-1,-1,-1,0x0000000000000930,8.0
2020-01-14,20:27:04.870,74,-352,-493,-192,-601,-356,204,0,0,0,-1024,998,-1,-1,0,-1,0,-1,-1,-1,0x0000000000000930,8.0
2020-01-14,20:27:05.370,66,-192,-174,-127,50,-356,204,0,0,0,-1024,999,-1,-1,0,-1,0,-1,-1,-1,0x0000000000000930,8.0
2020-01-14,20:27:05.870,92,-92,-248,-344,94,-356,204,0,0,0,-1024,999,-1,-1,0,-1,0,-1,-1,-1,0x0000000000000930,8.0
2020-01-14,20:27:06.370,89,-120,-4,-476,-169,-355,204,0,0,0,-1024,999,-1,-1,0,-1,0,-1,-1,-1,0x0000000000000930,8.0
2020-01-14,20:27:06.870,83,-374,-95,-265,-346,-356,204,0,0,0,-1024,999,-1,-1,0,-1,0,-1,-1,-1,0x0000000000000930,8.0
2020-01-14,20:27:07.370,98,57,75,-333,302,-356,204,0,0,0,-1024,999,-1,-1,0,-1,0,-1,-1,-1,0x0000000000000930,8.0
2020-01-14,20:27:07.870,97,-602,-337,-196,-592,-356,204,0,0,0,-1024,999,-1,-1,0,-1,0,-1,-1,-1,0x0000000000000930,8.0
2020-01-14,20:27:08.370,95,-398,-112,-106,-478,-356,204,0,0,0,-1024,998,-1,-1,0,-1,0,-1,-1,-1,0x0000000000000930,8.0
2020-01-14,20:27:08.870,100,323,-55,-193,438,-355,204,0,0,0,-1024,999,-1,-1,0,-1,0,-1,-1,-1,0x0000000000000930,8.0
2020-01-14,20:27:09.370,102,345,-297,-171,377,-355,204,0,0,0,-1024,999,-1,-1,0,-1,0,-1,-1,-1,0x0000000000000930,8.0
2020-01-14,20:27:09.870,99,52,3,-371,-156,-356,204,0,0,0,-1024,998,-1,-1,0,-1,0,-1,-1,-1,0x0000000000000930,8.0
2020-01-14,20:27:10.370,71,487,-146,-358,571,-356,204,0,0,0,-1024,999,-1,-1,0,-1,0,-1,-1,-1,0x0000000000000930,8.0
2020-01-14,20:27:10.870,81,207,58,65,-202,-356,204,0,0,0,-1024,998,-1,-1,0,-1,0,-1,-1,-1,0x0000000000000930,8.0
2020-01-14,20:27:11.370,85,-412,-6,-215,-453,-356,204,0,0,0,-1024,999,-1,-1,0,-1,0,-1,-1,-1,0x0000000000000930,8.0
2020-01-14,20:27:11.870,76,-361,-168,-315,-518,-356,204,0,0,0,-1024,999,-1,-1,0,-1,0,-1,-1,-1,0x0000000000000930,8.0
2020-01-14,20:27:12.370,72,-404,-229,-360,-564,-356,204,0,0,0,-1024,999,-1,-1,0,-1,0,-1,-1,-1,0x0000000000000930,8.0
2020-01-14,20:27:12.870,80,-324,-200,-214,-400,-356,204,0,0,0,-1024,999,-1,-1,0,-1,0,-1,-1,-1,0x0000000000000930,8.0
2020-01-14,20:27:13.370,79,-214,-18,-204,-99,-356,204,0,0,0,-1024,999,-1,-1,0,-1,0,-1,-1,-1,0x0000000000000930,8.0
2020-01-14,20:27:13.870,68,-574,-291,-230,-497,-356,204,0,0,0,-1024,999,-1,-1,0,-1,0,-1,-1,-1,0x0000000000000930,8.0
2020-01-14,20:27:14.370,78,-441,-174,-301,-394,-356,204,0,0,0,-1024,999,-1,-1,0,-1,0,-1,-1,-1,0x0000000000000930,8.0
2020-01-14,20:27:14.870,74,-468,-300,-182,-405,-356,204,0,0,0,-1024,999,-1,-1,0,-1,0,-1,-1,-1,0x0000000000000930,8.0
2020-01-14,20:27:15.370,70,99,-21,-376,353,-356,204,0,0,0,-1024,999,-1,-1,0,-1,0,-1,-1,-1,0x0000000000000930,8.0
2020-01-14,20:27:15.880,81,-104,-16,-385,-183,-356,204,0,0,0,-1024,999,-1,-1,0,-1,0,-1,-1,-1,0x0000000000000930,8.0
2020-01-14,20:27:16.380,90,-415,-262,-319,-417,-356,204,0,0,0,-1024,999,-1,-1,0,-1,0,-1,-1,-1,0x0000000000000930,8.0
2020-01-14,20:27:16.880,92,-107,-89,-217,189,-356,204,0,0,0,-1024,999,-1,-1,0,-1,0,-1,-1,-1,0x0000000000000930,8.0
2020-01-14,20:27:17.380,102,678,-235,-281,709,-355,204,0,0,0,-1024,999,-1,-1,0,-1,0,-1,-1,-1,0x0000000000000930,8.0
2020-01-14,20:27:17.880,85,500,-374,-133,434,-356,204,0,0,0,-1024,999,-1,-1,0,-1,0,-1,-1,-1,0x0000000000000930,8.0
2020-01-14,20:27:18.380,90,-124,174,-438,-435,-356,204,0,0,0,-1024,999,-1,-1,0,-1,0,-1,-1,-1,0x0000000000000930,8.0
2020-01-14,20:27:18.880,100,379,-151,-276,597,-355,204,0,0,0,-1024,999,-1,-1,0,-1,0,-1,-1,-1,0x0000000000000930,8.0
2020-01-14,20:27:19.380,96,-26,-1,-401,-188,-356,204,0,0,0,-1024,999,-1,-1,0,-1,0,-1,-1,-1,0x0000000000000930,8.0
2020-01-14,20:27:19.880,93,44,4,-404,134,-356,204,0,0,0,-1024,999,-1,-1,0,-1,0,-1,-1,-1,0x0000000000000930,8.0
2020-01-14,20:27:20.380,93,99,-4,-250,-110,-356,204,0,0,0,-1024,999,-1,-1,0,-1,0,-1,-1,-1,0x0000000000000930,8.0
2020-01-14,20:27:20.880,83,508,-148,-311,571,-356,204,0,0,0,-1024,999,-1,-1,0,-1,0,-1,-1,-1,0x0000000000000930,8.0
2020-01-14,20:27:21.380,60,384,-158,-158,327,-356,204,0,0,0,-1024,999,-1,-1,0,-1,0,-1,-1,-1,0x0000000000000930,8.0
2020-01-14,20:27:21.880,69,285,-209,-438,435,-356,204,0,0,0,-1024,999,-1,-1,0,-1,0,-1,-1,-1,0x0000000000000930,8.0
2020-01-14,20:27:22.380,73,114,-188,-295,-111,-356,204,0,0,0,-1024,999,-1,-1,0,-1,0,-1,-1,-1,0x0000000000000930,8.0
2020-01-14,20:27:22.880,67,689,-174,-331,608,-355,204,0,0,0,-1024,998,-1,-1,0,-1,0,-1,-1,-1,0x0000000000000930,8.0
2020-01-14,20:27:23.380,84,497,-240,-192,356,-356,204,-1,0,0,-1024,999,-1,-1,0,-1,0,-1,-1,-1,0x0000000000000930,8.0
2020-01-14,20:27:23.880,74,-81,117,-279,-181,-355,204,0,0,0,-1024,998,-1,-1,0,-1,0,-1,-1,-1,0x0000000000000930,8.0
2020-01-14,20:27:24.380,74,96,-30,-346,209,-355,204,0,0,0,-1024,999,-1,-1,0,-1,0,-1,-1,-1,0x0000000000000930,8.0
2020-01-14,20:27:24.880,74,305,-305,-17,168,-355,204,0,0,0,-1024,998,-1,-1,0,-1,0,-1,-1,-1,0x0000000000000930,8.0
2020-01-14,20:27:25.380,80,508,-138,-287,435,-355,204,0,0,0,-1024,994,-1,-1,0,-1,0,-1,-1,-1,0x0000000000000930,8.0
2020-01-14,20:27:25.880,79,-147,3,-363,-436,-356,204,0,0,0,-1024,994,-1,-1,0,-1,0,-1,-1,-1,0x0000000000000930,8.0
2020-01-14,20:27:26.380,70,491,-178,-161,695,-355,204,0,0,0,-1024,994,-1,-1,0,-1,0,-1,-1,-1,0x0000000000000930,8.0
2020-01-14,20:27:26.880,94,446,-272,-265,9,-356,204,0,0,0,-1024,994,-1,-1,0,-1,0,-1,-1,-1,0x0000000000000930,8.0
2020-01-14,20:27:27.380,60,-420,-214,-149,-896,-356,204,0,0,0,-1024,994,-1,-1,0,-1,0,-1,-1,-1,0x0000000000000930,8.0
2020-01-14,20:27:27.880,82,-184,-505,-241,-509,-356,204,0,0,0,-1024,994,-1,-1,0,-1,0,-1,-1,-1,0x0000000000000930,8.0
2020-01-14,20:27:28.380,79,-72,-43,-161,-88,-356,204,0,0,0,-1024,994,-1,-1,0,-1,0,-1,-1,-1,0x0000000000000930,8.0
2020-01-14,20:27:28.880,68,-486,-144,-387,-637,-356,204,0,0,0,-1024,994,-1,-1,0,-1,0,-1,-1,-1,0x0000000000000930,8.0
2020-01-14,20:27:29.380,70,-465,-354,-193,-203,-356,204,0,0,0,-1024,994,-1,-1,0,-1,0,-1,-1,-1,0x0000000000000930,8.0
2020-01-14,20:27:29.880,73,-642,-137,-228,-536,-356,204,0,0,0,-1024,994,-1,-1,0,-1,0,-1,-1,-1,0x0000000000000930,8.0
2020-01-14,20:27:30.380,79,-264,0,-249,-55,-356,204,0,0,0,-1024,994,-1,-1,0,-1,0,-1,-1,-1,0x0000000000000930,8.0
2020-01-14,20:27:30.880,70,-172,-52,-415,1,-356,204,0,0,0,-1024,993,-1,-1,0,-1,0,-1,-1,-1,0x0000000000000930,8.0
2020-01-14,20:27:31.380,94,-401,-101,-382,-428,-356,204,0,0,0,-1024,994,-1,-1,0,-1,0,-1,-1,-1,0x0000000000000930,8.0
2020-01-14,20:27:31.880,106,-223,-229,54,42,-356,204,0,0,0,-1024,994,-1,-1,0,-1,0,-1,-1,-1,0x0000000000000930,8.0
2020-01-14,20:27:32.380,102,212,-6,-395,276,-356,204,0,0,0,-1024,993,-1,-1,0,-1,0,-1,-1,-1,0x0000000000000930,8.0
2020-01-14,20:27:32.880,97,585,-33,-252,701,-356,204,-1,0,0,-1024,994,-1,-1,0,-1,0,-1,-1,-1,0x0000000000000930,8.0
2020-01-14,20:27:33.380,93,611,-357,-146,452,-355,204,0,0,0,-1024,993,-1,-1,0,-1,0,-1,-1,-1,0x0000000000000930,8.0
2020-01-14,20:27:33.880,96,100,29,-390,-73,-356,204,0,0,0,-1024,993,-1,-1,0,-1,0,-1,-1,-1,0x0000000000000930,8.0
2020-01-14,20:27:34.380,88,427,-151,-239,573,-356,204,0,0,0,-1024,993,-1,-1,0,-1,0,-1,-1,-1,0x0000000000000930,8.0
2020-01-14,20:27:34.880,93,-36,-53,-420,-435,-356,204,0,0,0,-1024,994,-1,-1,0,-1,0,-1,-1,-1,0x0000000000000930,8.0
2020-01-14,20:27:35.380,97,198,-86,-319,168,-356,204,0,0,0,-1024,993,-1,-1,0,-1,0,-1,-1,-1,0x0000000000000930,8.0
2020-01-14,20:27:35.880,93,438,-149,66,417,-356,204,0,0,0,-1024,993,-1,-1,0,-1,0,-1,-1,-1,0x0000000000000930,8.0
2020-01-14,20:27:36.380,79,-355,-132,-112,-540,-356,204,0,0,0,-1024,993,-1,-1,0,-1,0,-1,-1,-1,0x0000000000000930,8.0
2020-01-14,20:27:36.880,80,-394,-222,-157,-495,-356,204,0,0,0,-1024,993,-1,-1,0,-1,0,-1,-1,-1,0x0000000000000930,8.0
2020-01-14,20:27:37.380,82,-340,-299,-344,-438,-356,204,0,0,0,-1024,994,-1,-1,0,-1,0,-1,-1,-1,0x0000000000000930,8.0
2020-01-14,20:27:37.880,84,-287,-276,-219,-312,-356,204,0,0,0,-1024,993,-1,-1,0,-1,0,-1,-1,-1,0x0000000000000930,8.0
2020-01-14,20:27:38.380,71,-123,-21,-257,160,-356,204,0,0,0,-1024,993,-1,-1,0,-1,0,-1,-1,-1,0x0000000000000930,8.0
2020-01-14,20:27:38.880,81,-651,-374,-242,-671,-356,204,0,0,0,-1024,994,-1,-1,0,-1,0,-1,-1,-1,0x0000000000000930,8.0
2020-01-14,20:27:39.380,74,-21,-63,-276,382,-356,204,0,0,0,-1024,993,-1,-1,0,-1,0,-1,-1,-1,0x0000000000000930,8.0
2020-01-14,20:27:39.880,76,-686,-474,-182,-691,-356,204,0,0,0,-1024,994,-1,-1,0,-1,0,-1,-1,-1,0x0000000000000930,8.0
2020-01-14,20:27:40.380,68,-394,-37,-269,25,-356,204,0,0,0,-1024,993,-1,-1,0,-1,0,-1,-1,-1,0x0000000000000930,8.0
2020-01-14,20:27:40.880,88,-318,-114,54,-142,-356,204,0,0,0,-1024,993,-1,-1,0,-1,0,-1,-1,-1,0x0000000000000930,8.0
2020-01-14,20:27:41.380,72,404,-111,-258,550,-356,204,0,0,0,-1024,993,-1,-1,0,-1,0,-1,-1,-1,0x0000000000000930,8.0
2020-01-14,20:27:41.880,77,522,-172,-220,322,-355,204,0,0,0,-1024,993,-1,-1,0,-1,0,-1,-1,-1,0x0000000000000930,8.0
2020-01-14,20:27:42.380,78,551,-234,-144,380,-356,204,0,0,0,-1024,993,-1,-1,0,-1,0,-1,-1,-1,0x0000000000000930,8.0
2020-01-14,20:27:42.880,88,199,224,-400,13,-356,204,0,0,0,-1024,993,-1,-1,0,-1,0,-1,-1,-1,0x0000000000000930,8.0
2020-01-14,20:27:43.380,84,-6,245,-142,-18,-356,204,0,0,0,-1024,994,-1,-1,0,-1,0,-1,-1,-1,0x0000000000000930,8.0
2020-01-14,20:27:43.880,88,-135,-121,-225,-658,-356,204,0,0,0,-1024,993,-1,-1,0,-1,0,-1,-1,-1,0x0000000000000930,8.0
2020-01-14,20:27:44.380,77,-152,-419,-49,-316,-356,204,0,0,0,-1024,994,-1,-1,0,-1,0,-1,-1,-1,0x0000000000000930,8.0
2020-01-14,20:27:44.880,86,-123,-155,-315,197,-356,204,0,0,0,-1024,993,-1,-1,0,-1,0,-1,-1,-1,0x0000000000000930,8.0
2020-01-14,20:27:45.380,85,-23,-60,-285,363,-356,204,0,0,0,-1024,993,-1,-1,0,-1,0,-1,-1,-1,0x0000000000000930,8.0
2020-01-14,20:27:45.880,88,-241,91,-435,-407,-356,204,-1,0,0,-1024,993,-1,-1,0,-1,0,-1,-1,-1,0x0000000000000930,8.0
2020-01-14,20:27:46.380,104,-368,-194,-174,-261,-356,204,0,0,0,-1024,993,-1,-1,0,-1,0,-1,-1,-1,0x0000000000000930,8.0
2020-01-14,20:27:46.880,96,-463,-151,-317,-703,-356,204,0,0,0,-1024,994,-1,-1,0,-1,0,-1,-1,-1,0x0000000000000930,8.0
2020-01-14,20:27:47.380,98,-343,-533,54,-262,-356,204,0,0,0,-1024,993,-1,-1,0,-1,0,-1,-1,-1,0x0000000000000930,8.0
2020-01-14,20:27:47.880,98,243,198,-420,472,-355,204,0,0,0,-1024,993,-1,-1,0,-1,0,-1,-1,-1,0x0000000000000930,8.0
2020-01-14,20:27:48.380,95,356,-203,-427,291,-356,204,0,0,0,-1024,993,-1,-1,0,-1,0,-1,-1,-1,0x0000000000000930,8.0
2020-01-14,20:27:48.880,87,266,-78,-212,155,-356,204,0,0,0,-1024,993,-1,-1,0,-1,0,-1,-1,-1,0x0000000000000930,8.0
2020-01-14,20:27:49.380,89,487,-191,4,551,-356,204,0,0,0,-1024,993,-1,-1,0,-1,0,-1,-1,-1,0x0000000000000930,8.0
2020-01-14,20:27:49.880,86,-364,-50,-215,-253,-356,204,0,0,0,-1024,993,-1,-1,0,-1,0,-1,-1,-1,0x0000000000000930,8.0
2020-01-14,20:27:50.380,86,-363,-188,-395,-630,-356,204,0,0,0,-1024,993,-1,-1,0,-1,0,-1,-1,-1,0x0000000000000930,8.0
2020-01-14,20:27:50.880,85,-56,-97,-50,343,-356,204,0,0,0,-1024,993,-1,-1,0,-1,0,-1,-1,-1,0x0000000000000930,8.0
2020-01-14,20:27:51.380,79,-172,6,-223,-548,-356,204,0,0,0,-1024,993,-1,-1,0,-1,0,-1,-1,-1,0x0000000000000930,8.0
2020-01-14,20:27:51.880,78,-505,-535,-215,-649,-356,204,0,0,0,-1024,993,-1,-1,0,-1,0,-1,-1,-1,0x0000000000000930,8.0
2020-01-14,20:27:52.380,83,49,-137,-312,409,-356,204,0,0,0,-1024,993,-1,-1,0,-1,0,-1,-1,-1,0x0000000000000930,8.0
2020-01-14,20:27:52.880,86,-466,-109,-242,-564,-356,204,0,0,0,-1024,993,-1,-1,0,-1,0,-1,-1,-1,0x0000000000000930,8.0
2020-01-14,20:27:53.380,50,-619,-407,-136,-411,-356,204,0,0,0,-1024,993,-1,-1,0,-1,0,-1,-1,-1,0x0000000000000930,8.0
2020-01-14,20:27:53.880,83,-398,-181,-366,-358,-356,204,0,0,0,-1024,993,-1,-1,0,-1,0,-1,-1,-1,0x0000000000000930,8.0
2020-01-14,20:27:54.380,88,-538,-157,-115,-579,-356,204,0,0,0,-1024,994,-1,-1,0,-1,0,-1,-1,-1,0x0000000000000930,8.0
2020-01-14,20:27:54.880,77,-60,9,-435,217,-356,204,0,0,0,-1024,993,-1,-1,0,-1,0,-1,-1,-1,0x0000000000000930,8.0
2020-01-14,20:27:55.380,71,-217,-1,-455,-212,-356,204,0,0,0,-1024,993,-1,-1,0,-1,0,-1,-1,-1,0x0000000000000930,8.0
2020-01-14,20:27:55.880,98,-203,-43,-317,-209,-356,204,0,0,0,-1024,993,-1,-1,0,-1,0,-1,-1,-1,0x0000000000000930,8.0
2020-01-14,20:27:56.380,103,-229,-64,-273,-1,-356,204,0,0,0,-1024,993,-1,-1,0,-1,0,-1,-1,-1,0x0000000000000930,8.0
2020-01-14,20:27:56.880,108,-90,38,-320,204,-356,204,0,0,0,-1024,993,-1,-1,0,-1,0,-1,-1,-1,0x0000000000000930,8.0
2020-01-14,20:27:57.380,102,390,-437,-138,206,-355,204,0,0,0,-1024,993,-1,-1,0,-1,0,-1,-1,-1,0x0000000000000930,8.0
2020-01-14,20:27:57.880,83,319,40,-217,-15,-356,204,0,0,0,-1024,993,-1,-1,0,-1,0,-1,-1,-1,0x0000000000000930,8.0
2020-01-14,20:27:58.380,85,10,135,-179,88,-356,204,0,0,0,-1024,993,-1,-1,0,-1,0,-1,-1,-1,0x0000000000000930,8.0
2020-01-14,20:27:58.880,96,390,-134,-147,611,-355,204,-1,0,0,-1024,993,-1,-1,0,-1,0,-1,-1,-1,0x0000000000000930,8.0
2020-01-14,20:27:59.380,105,164,-107,-317,-141,-356,204,0,0,0,-1024,993,-1,-1,0,-1,0,-1,-1,-1,0x0000000000000930,8.0
2020-01-14,20:27:59.880,97,426,-151,-273,409,-356,204,-1,0,0,-1024,994,-1,-1,0,-1,0,-1,-1,-1,0x0000000000000930,8.0
2020-01-14,20:28:00.380,83,-243,4,-200,-376,-356,204,0,0,0,-1024,993,-1,-1,0,-1,0,-1,-1,-1,0x0000000000000930,8.0
2020-01-14,20:28:00.880,80,-352,-33,-285,-483,-356,204,0,0,0,-1024,993,-1,-1,0,-1,0,-1,-1,-1,0x0000000000000930,8.0
2020-01-14,20:28:01.380,85,-386,-277,-188,-351,-356,204,0,0,0,-1024,993,-1,-1,0,-1,0,-1,-1,-1,0x0000000000000930,8.0
2020-01-14,20:28:01.880,79,-304,-387,-187,-203,-356,204,0,0,0,-1024,993,-1,-1,0,-1,0,-1,-1,-1,0x0000000000000930,8.0
2020-01-14,20:28:02.380,55,-164,-240,-115,-27,-356,204,0,0,0,-1024,993,-1,-1,0,-1,0,-1,-1,-1,0x0000000000000930,8.0
2020-01-14,20:28:02.880,78,-106,585,-535,314,-356,204,0,0,0,-1024,993,-1,-1,0,-1,0,-1,-1,-1,0x0000000000000930,8.0
2020-01-14,20:28:03.380,80,-421,-140,-403,-832,-356,204,0,0,0,-1024,994,-1,-1,0,-1,0,-1,-1,-1,0x0000000000000930,8.0
2020-01-14,20:28:03.880,94,-338,-214,-214,-469,-356,204,0,0,0,-1024,993,-1,-1,0,-1,0,-1,-1,-1,0x0000000000000930,8.0
2020-01-14,20:28:04.380,83,-58,6,-273,464,-356,204,0,0,0,-1024,993,-1,-1,0,-1,0,-1,-1,-1,0x0000000000000930,8.0
2020-01-14,20:28:04.880,85,-133,-32,39,177,-356,204,0,0,0,-1024,993,-1,-1,0,-1,0,-1,-1,-1,0x0000000000000930,8.0
2020-01-14,20:28:05.380,57,-460,-195,-271,-716,-356,204,0,0,0,-1024,993,-1,-1,0,-1,0,-1,-1,-1,0x0000000000000930,8.0
2020-01-14,20:28:05.880,67,-280,-286,-215,-97,-356,204,0,0,0,-1024,994,-1,-1,0,-1,0,-1,-1,-1,0x0000000000000930,8.0
2020-01-14,20:28:06.380,84,-103,-101,-114,113,-356,204,0,0,0,-1024,993,-1,-1,0,-1,0,-1,-1,-1,0x0000000000000930,8.0
2020-01-14,20:28:06.880,76,-582,-183,-234,-557,-356,204,0,0,0,-1024,993,-1,-1,0,-1,0,-1,-1,-1,0x0000000000000930,8.0
2020-01-14,20:28:07.380,80,-485,-265,-258,-355,-356,204,0,0,0,-1024,993,-1,-1,0,-1,0,-1,-1,-1,0x0000000000000930,8.0
2020-01-14,20:28:07.880,74,-295,-10,-306,77,-356,204,0,0,0,-1024,993,-1,-1,0,-1,0,-1,-1,-1,0x0000000000000930,8.0
2020-01-14,20:28:08.380,83,-454,-132,-192,-343,-356,204,-1,0,0,-1024,993,-1,-1,0,-1,0,-1,-1,-1,0x0000000000000930,8.0
2020-01-14,20:28:08.880,92,-157,-67,-230,220,-356,204,0,0,0,-1024,993,-1,-1,0,-1,0,-1,-1,-1,0x0000000000000930,8.0
2020-01-14,20:28:09.380,94,-118,-3,-327,-136,-356,204,0,0,0,-1024,994,-1,-1,0,-1,0,-1,-1,-1,0x0000000000000930,8.0
2020-01-14,20:28:09.880,98,-377,-308,-63,-242,-356,204,0,0,0,-1024,993,-1,-1,0,-1,0,-1,-1,-1,0x0000000000000930,8.0
2020-01-14,20:28:10.380,99,-118,3,-406,-65,-355,204,0,0,0,-1024,993,-1,-1,0,-1,0,-1,-1,-1,0x0000000000000930,8.0
2020-01-14,20:28:10.880,99,604,-399,-114,516,-355,204,0,0,0,-1024,993,-1,-1,0,-1,0,-1,-1,-1,0x0000000000000930,8.0
2020-01-14,20:28:11.380,90,368,-95,-360,232,-355,204,0,0,0,-1024,993,-1,-1,0,-1,0,-1,-1,-1,0x0000000000000930,8.0
2020-01-14,20:28:11.880,95,151,12,-511,926,-356,204,0,0,0,-1024,994,-1,-1,0,-1,0,-1,-1,-1,0x0000000000000930,8.0
2020-01-14,20:28:12.380,99,190,-120,-61,-273,-356,204,0,0,0,-1024,993,-1,-1,0,-1,0,-1,-1,-1,0x0000000000000930,8.0
2020-01-14,20:28:12.880,91,402,-24,-422,383,-355,204,0,0,0,-1024,994,-1,-1,0,-1,0,-1,-1,-1,0x0000000000000930,8.0
2020-01-14,20:28:13.380,91,407,-209,-14,261,-356,204,0,0,0,-1024,993,-1,-1,0,-1,0,-1,-1,-1,0x0000000000000930,8.0
2020-01-14,20:28:13.880,98,-164,114,-303,-225,-356,204,0,0,0,-1024,993,-1,-1,0,-1,0,-1,-1,-1,0x0000000000000930,8.0
2020-01-14,20:28:14.380,77,-364,-194,-352,-646,-356,204,0,0,0,-1024,993,-1,-1,0,-1,0,-1,-1,-1,0x0000000000000930,8.0
2020-01-14,20:28:14.880,92,-241,-276,14,-119,-356,204,0,0,0,-1024,993,-1,-1,0,-1,0,-1,-1,-1,0x0000000000000930,8.0
2020-01-14,20:28:15.380,60,-304,-95,-4,160,-356,204,0,0,0,-1024,993,-1,-1,0,-1,0,-1,-1,-1,0x0000000000000930,8.0
2020-01-14,20:28:15.880,74,421,-296,-166,524,-355,204,0,0,0,-1024,993,-1,-1,0,-1,0,-1,-1,-1,0x0000000000000930,8.0
2020-01-14,20:28:16.380,84,151,-4,102,-43,-356,204,0,0,0,-1024,993,-1,-1,0,-1,0,-1,-1,-1,0x0000000000000930,8.0
2020-01-14,20:28:16.880,66,-18,715,81,67,-356,204,0,0,0,-1024,993,-1,-1,0,-1,0,-1,-1,-1,0x0000000000000930,8.0
2020-01-14,20:28:17.380,81,29,-272,-492,594,-355,204,0,0,0,-1024,993,-1,-1,0,-1,0,-1,-1,-1,0x0000000000000930,8.0
2020-01-14,20:28:17.880,81,204,145,-44,25,-356,204,-1,0,0,-1024,994,-1,-1,0,-1,0,-1,-1,-1,0x0000000000000930,8.0
2020-01-14,20:28:41.690,91,-15,6,-1024,10,-356,204,0,0,0,-1024,993,-1,-1,0,-1,0,-1,-1,-1,0x0000000000000920,8.0
2020-01-14,20:28:42.180,83,-15,6,-1024,9,-356,204,0,0,0,-1024,993,-1,-1,0,-1,0,-1,-1,-1,0x0000000000000920,8.0
2020-01-14,20:28:42.680,86,-16,6,-1024,9,-356,204,0,0,0,-1024,994,-1,-1,0,-1,0,-1,-1,-1,0x0000000000000920,8.0
2020-01-14,20:28:43.180,88,-20,285,-222,9,-356,204,0,0,0,-1024,993,-1,-1,0,-1,0,-1,-1,-1,0x0000000000000930,8.0
2020-01-14,20:28:43.680,93,-61,106,-3,3,-356,204,0,0,0,-1024,994,-1,-1,0,-1,0,-1,-1,-1,0x0000000000000930,8.0
2020-01-14,20:28:44.180,89,-542,-345,-141,-587,-356,204,0,0,0,-1024,993,-1,-1,0,-1,0,-1,-1,-1,0x0000000000000930,8.0
2020-01-14,20:28:44.680,95,-337,-12,-458,76,-356,204,0,0,0,-1024,993,-1,-1,0,-1,0,-1,-1,-1,0x0000000000000930,8.0
2020-01-14,20:28:45.180,94,-377,-104,-365,-438,-356,204,0,0,0,-1024,993,-1,-1,0,-1,0,-1,-1,-1,0x0000000000000930,8.0
2020-01-14,20:28:45.680,99,-432,-175,-282,-318,-356,204,0,0,0,-1024,993,-1,-1,0,-1,0,-1,-1,-1,0x0000000000000930,8.0
2020-01-14,20:28:46.180,90,-699,-160,-463,-324,-356,204,0,0,0,-1024,993,-1,-1,0,-1,0,-1,-1,-1,0x0000000000000930,8.0
2020-01-14,20:28:46.680,90,-186,-27,-566,534,-356,204,0,0,0,-1024,993,-1,-1,0,-1,0,-1,-1,-1,0x0000000000000930,8.0
2020-01-14,20:28:47.180,88,-41,104,-331,-200,-356,204,0,0,0,-1024,993,-1,-1,0,-1,0,-1,-1,-1,0x0000000000000930,8.0
2020-01-14,20:28:47.680,95,-206,51,-15,-69,-356,204,0,0,0,-1024,993,-1,-1,0,-1,0,-1,-1,-1,0x0000000000000930,8.0
2020-01-14,20:28:48.180,97,-520,-339,-215,-469,-356,204,0,0,0,-1024,993,-1,-1,0,-1,0,-1,-1,-1,0x0000000000000930,8.0
2020-01-14,20:28:48.680,87,-552,-496,-17,-554,-356,204,0,0,0,-1024,993,-1,-1,0,-1,0,-1,-1,-1,0x0000000000000930,8.0
2020-01-14,20:28:49.180,96,297,1,-307,382,-356,204,0,0,0,-1024,993,-1,-1,0,-1,0,-1,-1,-1,0x0000000000000930,8.0
2020-01-14,20:28:49.680,83,399,-268,107,557,-355,204,0,0,0,-1024,993,-1,-1,0,-1,0,-1,-1,-1,0x0000000000000930,8.0
2020-01-14,20:28:50.180,91,391,-232,-314,385,-356,204,0,0,0,-1024,993,-1,-1,0,-1,0,-1,-1,-1,0x0000000000000930,8.0
2020-01-14,20:28:50.680,85,-75,-138,-334,-414,-356,204,0,0,0,-1024,993,-1,-1,0,-1,0,-1,-1,-1,0x0000000000000930,8.0
2020-01-14,20:28:51.180,85,463,-289,-185,515,-356,204,0,0,0,-1024,993,-1,-1,0,-1,0,-1,-1,-1,0x0000000000000930,8.0
2020-01-14,20:28:51.680,84,204,-67,-620,-282,-356,204,0,0,0,-1024,993,-1,-1,0,-1,0,-1,-1,-1,0x0000000000000930,8.0
2020-01-14,20:28:52.180,89,-167,3,-269,-369,-356,204,0,0,0,-1024,993,-1,-1,0,-1,0,-1,-1,-1,0x0000000000000930,8.0
2020-01-14,20:28:52.680,99,478,-262,47,715,-356,204,0,0,0,-1024,993,-1,-1,0,-1,0,-1,-1,-1,0x0000000000000930,8.0
2020-01-14,20:28:53.180,94,288,1,-519,264,-355,204,-1,0,0,-1024,994,-1,-1,0,-1,0,-1,-1,-1,0x0000000000000930,8.0
2020-01-14,20:28:53.680,88,370,-308,-80,530,-356,204,0,0,0,-1024,993,-1,-1,0,-1,0,-1,-1,-1,0x0000000000000930,8.0
2020-01-14,20:28:54.180,88,71,-171,-255,-312,-356,204,0,0,0,-1024,993,-1,-1,0,-1,0,-1,-1,-1,0x0000000000000930,8.0
2020-01-14,20:28:54.680,97,514,-94,-323,374,-356,204,0,0,0,-1024,993,-1,-1,0,-1,0,-1,-1,-1,0x0000000000000930,8.0
2020-01-14,20:28:55.180,94,460,-286,-176,96,-356,204,0,0,0,-1024,993,-1,-1,0,-1,0,-1,-1,-1,0x0000000000000930,8.0
2020-01-14,20:28:55.680,89,405,-90,-288,203,-356,204,0,0,0,-1024,994,-1,-1,0,-1,0,-1,-1,-1,0x0000000000000930,8.0
2020-01-14,20:28:56.180,93,594,-326,-58,562,-356,204,0,0,0,-1024,993,-1,-1,0,-1,0,-1,-1,-1,0x0000000000000930,8.0
2020-01-14,20:28:56.680,100,-543,-177,-246,-758,-356,204,0,0,0,-1024,988,-1,-1,0,-1,0,-1,-1,-1,0x0000000000000930,8.0
2020-01-14,20:28:57.180,88,-30,-15,-414,579,-356,204,0,0,0,-1024,988,-1,-1,0,-1,0,-1,-1,-1,0x0000000000000930,8.0
2020-01-14,20:28:57.680,84,-295,-66,-314,-431,-356,204,0,0,0,-1024,988,-1,-1,0,-1,0,-1,-1,-1,0x0000000000000930,8.0
2020-01-14,20:28:58.180,85,-446,-237,-320,-613,-356,204,0,0,0,-1024,988,-1,-1,0,-1,0,-1,-1,-1,0x0000000000000930,8.0
2020-01-14,20:28:58.680,86,79,43,-254,409,-356,204,0,0,0,-1024,987,-1,-1,0,-1,0,-1,-1,-1,0x0000000000000930,8.0
2020-01-14,20:28:59.180,76,-552,-320,-74,-707,-356,204,0,0,0,-1024,988,-1,-1,0,-1,0,-1,-1,-1,0x0000000000000930,8.0
2020-01-14,20:28:59.680,80,-344,-430,21,-264,-356,204,0,0,0,-1024,987,-1,-1,0,-1,0,-1,-1,-1,0x0000000000000930,8.0
2020-01-14,20:29:00.180,73,367,-101,-273,398,-356,204,0,0,0,-1024,988,-1,-1,0,-1,0,-1,-1,-1,0x0000000000000930,8.0
2020-01-14,20:29:00.680,76,241,-165,-268,178,-355,204,0,0,0,-1024,987,-1,-1,0,-1,0,-1,-1,-1,0x0000000000000930,8.0
2020-01-14,20:29:01.180,88,116,-32,-138,35,-356,204,0,0,0,-1024,987,-1,-1,0,-1,0,-1,-1,-1,0x0000000000000930,8.0
2020-01-14,20:29:01.680,68,388,-212,-309,429,-356,204,0,0,0,-1024,988,-1,-1,0,-1,0,-1,-1,-1,0x0000000000000930,8.0
2020-01-14,20:29:02.180,91,40,-214,69,-710,-356,204,0,0,0,-1024,978,-1,-1,0,-1,0,-1,-1,-1,0x0000000000000930,8.0
2020-01-14,20:29:04.790,85,-15,6,-1024,9,-356,204,0,0,0,-1024,973,-1,-1,0,-1,0,-1,-1,-1,0x0000000000000920,8.0
2020-01-14,20:29:05.280,94,-15,6,-1024,9,-356,204,0,0,0,-1024,973,-1,-1,0,-1,0,-1,-1,-1,0x0000000000000920,8.0
2020-01-14,20:29:05.780,96,-13,4,-1024,9,-356,204,0,0,0,-1024,971,-1,-1,0,-1,0,-1,-1,-1,0x0000000000000920,8.0
2020-01-14,20:29:06.280,95,-126,85,-101,-312,-356,204,0,0,0,-1024,973,-1,-1,0,-1,0,-1,-1,-1,0x0000000000000930,8.0
2020-01-14,20:29:06.780,94,-186,129,-423,41,-356,204,0,0,0,-1024,973,-1,-1,0,-1,0,-1,-1,-1,0x0000000000000930,8.0
2020-01-14,20:29:07.280,80,94,4,-249,-9,-356,204,0,0,0,-1024,973,-1,-1,0,-1,0,-1,-1,-1,0x0000000000000930,8.0
2020-01-14,20:29:07.790,89,359,-135,-14,492,-356,204,0,0,0,-1024,973,-1,-1,0,-1,0,-1,-1,-1,0x0000000000000930,8.0
2020-01-14,20:29:08.290,80,415,-185,-263,452,-356,204,0,0,0,-1024,973,-1,-1,0,-1,0,-1,-1,-1,0x0000000000000930,8.0
2020-01-14,20:29:08.790,90,144,-104,-471,-125,-356,204,0,0,0,-1024,973,-1,-1,0,-1,0,-1,-1,-1,0x0000000000000930,8.0
2020-01-14,20:29:09.290,83,528,-137,-212,644,-356,204,0,0,0,-1024,971,-1,-1,0,-1,0,-1,-1,-1,0x0000000000000930,8.0
2020-01-14,20:29:09.790,86,356,-141,-222,-21,-356,204,0,0,0,-1024,973,-1,-1,0,-1,0,-1,-1,-1,0x0000000000000930,8.0
2020-01-14,20:29:10.290,70,300,-66,-261,106,-356,204,0,0,0,-1024,973,-1,-1,0,-1,0,-1,-1,-1,0x0000000000000930,8.0
2020-01-14,20:29:10.790,92,494,-200,-28,450,-355,204,0,0,0,-1024,973,-1,-1,0,-1,0,-1,-1,-1,0x0000000000000930,8.0
2020-01-14,20:29:11.290,73,37,-75,-192,-511,-356,204,0,0,0,-1024,973,-1,-1,0,-1,0,-1,-1,-1,0x0000000000000930,8.0
2020-01-14,20:29:11.790,98,585,-313,-157,450,-356,204,0,0,0,-1024,973,-1,-1,0,-1,0,-1,-1,-1,0x0000000000000930,8.0
2020-01-14,20:29:12.290,93,480,-70,-263,423,-356,204,0,0,0,-1024,973,-1,-1,0,-1,0,-1,-1,-1,0x0000000000000930,8.0
2020-01-14,20:29:12.790,92,-229,88,-273,-599,-356,204,0,0,0,-1024,973,-1,-1,0,-1,0,-1,-1,-1,0x0000000000000930,8.0
2020-01-14,20:29:13.290,92,615,-140,-112,672,-356,204,0,0,0,-1024,973,-1,-1,0,-1,0,-1,-1,-1,0x0000000000000930,8.0
2020-01-14,20:29:13.790,90,44,-90,-312,-184,-356,204,0,0,0,-1024,971,-1,-1,0,-1,0,-1,-1,-1,0x0000000000000930,8.0
2020-01-14,20:29:14.290,95,458,-214,-331,460,-356,204,0,0,0,-1024,973,-1,-1,0,-1,0,-1,-1,-1,0x0000000000000930,8.0
2020-01-14,20:29:14.790,95,133,-186,-225,203,-355,204,0,0,0,-1024,973,-1,-1,0,-1,0,-1,-1,-1,0x0000000000000930,8.0
2020-01-14,20:29:15.290,65,-104,3,-261,-439,-356,204,0,0,0,-1024,973,-1,-1,0,-1,0,-1,-1,-1,0x0000000000000930,8.0
2020-01-14,20:29:15.790,92,-223,-152,-258,406,-356,204,0,0,0,-1024,973,-1,-1,0,-1,0,-1,-1,-1,0x0000000000000930,8.0
2020-01-14,20:29:16.290,82,-190,-166,-136,314,-356,204,0,0,0,-1024,971,-1,-1,0,-1,0,-1,-1,-1,0x0000000000000930,8.0
2020-01-14,20:29:16.790,92,-243,17,-401,-494,-356,204,0,0,0,-1024,973,-1,-1,0,-1,0,-1,-1,-1,0x0000000000000930,8.0
2020-01-14,20:29:17.290,86,-351,-254,-138,-444,-356,204,0,0,0,-1024,973,-1,-1,0,-1,0,-1,-1,-1,0x0000000000000930,8.0
2020-01-14,20:29:17.790,79,-378,104,-303,-192,-356,204,0,0,0,-1024,973,-1,-1,0,-1,0,-1,-1,-1,0x0000000000000930,8.0
2020-01-14,20:29:18.290,68,-628,-388,-101,-592,-356,204,-1,0,0,-1024,973,-1,-1,0,-1,0,-1,-1,-1,0x0000000000000930,8.0
2020-01-14,20:29:18.790,82,238,-87,-207,304,-356,204,0,0,0,-1024,971,-1,-1,0,-1,0,-1,-1,-1,0x0000000000000930,8.0
2020-01-14,20:29:19.290,71,342,-95,-250,256,-356,204,0,0,0,-1024,973,-1,-1,0,-1,0,-1,-1,-1,0x0000000000000930,8.0
2020-01-14,20:29:19.790,89,281,-53,-255,186,-356,204,0,0,0,-1024,971,-1,-1,0,-1,0,-1,-1,-1,0x0000000000000930,8.0
2020-01-14,20:29:20.290,88,430,-185,-168,417,-355,204,0,0,0,-1024,973,-1,-1,0,-1,0,-1,-1,-1,0x0000000000000930,8.0
2020-01-14,20:29:20.790,80,-229,0,-244,-388,-356,204,0,0,0,-1024,973,-1,-1,0,-1,0,-1,-1,-1,0x0000000000000930,8.0
2020-01-14,20:29:21.290,92,-314,30,-254,-390,-356,204,0,0,0,-1024,973,-1,-1,0,-1,0,-1,-1,-1,0x0000000000000930,8.0
2020-01-14,20:29:21.790,85,-538,-291,-26,-505,-356,204,0,0,0,-1024,973,-1,-1,0,-1,0,-1,-1,-1,0x0000000000000930,8.0
2020-01-14,20:29:22.290,79,-449,-319,-136,-366,-356,204,0,0,0,-1024,971,-1,-1,0,-1,0,-1,-1,-1,0x0000000000000930,8.0
2020-01-14,20:29:22.790,93,-311,330,-173,175,-355,204,0,0,0,-1024,973,-1,-1,0,-1,0,-1,-1,-1,0x0000000000000930,8.0
2020-01-14,20:29:23.290,91,-198,-27,-417,-781,-356,204,0,0,0,-1024,971,-1,-1,0,-1,0,-1,-1,-1,0x0000000000000930,8.0
2020-01-14,20:29:23.790,71,-227,-393,-80,-484,-356,204,0,0,0,-1024,973,-1,-1,0,-1,0,-1,-1,-1,0x0000000000000930,8.0
2020-01-14,20:29:24.290,91,-323,-106,-104,-265,-356,204,0,0,0,-1024,973,-1,-1,0,-1,0,-1,-1,-1,0x0000000000000930,8.0
2020-01-14,20:29:24.790,87,-158,1,-103,10,-356,204,0,0,0,-1024,973,-1,-1,0,-1,0,-1,-1,-1,0x0000000000000930,8.0
2020-01-14,20:29:25.290,98,-364,-498,-90,-441,-356,204,0,0,0,-1024,973,-1,-1,0,-1,0,-1,-1,-1,0x0000000000000930,8.0
2020-01-14,20:29:25.790,105,-138,-74,-260,279,-356,204,0,0,0,-1024,973,-1,-1,0,-1,0,-1,-1,-1,0x0000000000000930,8.0
2020-01-14,20:29:26.290,101,-537,-166,-211,-654,-356,204,0,0,0,-1024,973,-1,-1,0,-1,0,-1,-1,-1,0x0000000000000930,8.0
2020-01-14,20:29:26.790,95,-543,-390,-63,-310,-356,204,0,0,0,-1024,971,-1,-1,0,-1,0,-1,-1,-1,0x0000000000000930,8.0
2020-01-14,20:29:27.290,90,-500,-132,-203,-399,-356,204,0,0,0,-1024,973,-1,-1,0,-1,0,-1,-1,-1,0x0000000000000930,8.0
2020-01-14,20:29:27.790,100,-340,-288,23,-380,-356,204,0,0,0,-1024,973,-1,-1,0,-1,0,-1,-1,-1,0x0000000000000930,8.0
2020-01-14,20:29:28.290,78,-123,-171,-301,264,-356,204,0,0,0,-1024,973,-1,-1,0,-1,0,-1,-1,-1,0x0000000000000930,8.0
2020-01-14,20:29:28.790,92,-397,-158,-463,-540,-356,204,-1,0,0,-1024,973,-1,-1,0,-1,0,-1,-1,-1,0x0000000000000930,8.0
2020-01-14,20:29:29.290,93,-40,-4,-250,365,-356,204,0,0,0,-1024,971,-1,-1,0,-1,0,-1,-1,-1,0x0000000000000930,8.0
2020-01-14,20:29:29.790,72,546,9,-244,626,-355,204,0,0,0,-1024,973,-1,-1,0,-1,0,-1,-1,-1,0x0000000000000930,8.0
2020-01-14,20:29:30.290,80,477,-337,-68,412,-355,204,0,0,0,-1024,973,-1,-1,0,-1,0,-1,-1,-1,0x0000000000000930,8.0
2020-01-14,20:29:30.790,67,-93,-47,-435,-391,-356,204,0,0,0,-1024,973,-1,-1,0,-1,0,-1,-1,-1,0x0000000000000930,8.0
2020-01-14,20:29:31.290,75,463,-55,-252,625,-356,204,-1,0,0,-1024,973,-1,-1,0,-1,0,-1,-1,-1,0x0000000000000930,8.0
2020-01-14,20:29:31.790,77,103,-41,-317,-262,-356,204,0,0,0,-1024,973,-1,-1,0,-1,0,-1,-1,-1,0x0000000000000930,8.0
2020-01-14,20:29:32.290,92,529,-106,-115,606,-355,204,0,0,0,-1024,973,-1,-1,0,-1,0,-1,-1,-1,0x0000000000000930,8.0
2020-01-14,20:29:32.790,90,-351,-160,-142,-677,-356,204,0,0,0,-1024,973,-1,-1,0,-1,0,-1,-1,-1,0x0000000000000930,8.0
2020-01-14,20:29:33.290,77,-194,-37,-425,-518,-356,204,0,0,0,-1024,973,-1,-1,0,-1,0,-1,-1,-1,0x0000000000000930,8.0
2020-01-14,20:29:33.790,87,-415,-427,-141,-192,-356,204,0,0,0,-1024,973,-1,-1,0,-1,0,-1,-1,-1,0x0000000000000930,8.0
2020-01-14,20:29:34.290,90,-98,145,-90,-49,-356,204,0,0,0,-1024,971,-1,-1,0,-1,0,-1,-1,-1,0x0000000000000930,8.0
2020-01-14,20:29:34.790,87,-424,-325,-296,-515,-356,204,0,0,0,-1024,973,-1,-1,0,-1,0,-1,-1,-1,0x0000000000000930,8.0
2020-01-14,20:29:35.290,92,-97,-222,-228,70,-356,204,0,0,0,-1024,973,-1,-1,0,-1,0,-1,-1,-1,0x0000000000000930,8.0
2020-01-14,20:29:35.790,103,-223,-53,-298,-141,-355,204,-1,0,0,-1024,973,-1,-1,0,-1,0,-1,-1,-1,0x0000000000000930,8.0
2020-01-14,20:29:36.290,102,-511,-291,-109,-405,-356,204,0,0,0,-1024,973,-1,-1,0,-1,0,-1,-1,-1,0x0000000000000930,8.0
2020-01-14,20:29:36.790,93,-551,-337,-73,-548,-356,204,0,0,0,-1024,973,-1,-1,0,-1,0,-1,-1,-1,0x0000000000000930,8.0
2020-01-14,20:29:37.290,97,-50,-118,-166,284,-356,204,0,0,0,-1024,973,-1,-1,0,-1,0,-1,-1,-1,0x0000000000000930,8.0
2020-01-14,20:29:37.790,89,-70,-27,-390,398,-356,204,0,0,0,-1024,973,-1,-1,0,-1,0,-1,-1,-1,0x0000000000000930,8.0
2020-01-14,20:29:38.290,92,-110,54,-222,-191,-356,204,0,0,0,-1024,973,-1,-1,0,-1,0,-1,-1,-1,0x0000000000000930,8.0
2020-01-14,20:29:38.790,92,-437,-161,-198,-341,-356,204,0,0,0,-1024,971,-1,-1,0,-1,0,-1,-1,-1,0x0000000000000930,8.0
2020-01-14,20:29:39.290,90,133,-18,-290,363,-355,204,0,0,0,-1024,973,-1,-1,0,-1,0,-1,-1,-1,0x0000000000000930,8.0
2020-01-14,20:29:39.790,72,680,-271,-104,715,-355,204,0,0,0,-1024,973,-1,-1,0,-1,0,-1,-1,-1,0x0000000000000930,8.0
2020-01-14,20:29:40.290,76,258,-266,-41,180,-356,204,0,0,0,-1024,973,-1,-1,0,-1,0,-1,-1,-1,0x0000000000000930,8.0
2020-01-14,20:29:40.790,84,317,-107,-298,371,-356,204,0,0,0,-1024,973,-1,-1,0,-1,0,-1,-1,-1,0x0000000000000930,8.0
2020-01-14,20:29:41.290,61,164,-44,-238,-167,-356,204,0,0,0,-1024,973,-1,-1,0,-1,0,-1,-1,-1,0x0000000000000930,8.0
2020-01-14,20:29:41.790,85,303,-155,-303,333,-355,204,0,0,0,-1024,973,-1,-1,0,-1,0,-1,-1,-1,0x0000000000000930,8.0
2020-01-14,20:29:42.290,95,447,-263,205,495,-356,204,0,0,0,-1024,971,-1,-1,0,-1,0,-1,-1,-1,0x0000000000000930,8.0
2020-01-14,20:29:42.790,80,-277,6,-230,-379,-356,204,0,0,0,-1024,973,-1,-1,0,-1,0,-1,-1,-1,0x0000000000000930,8.0
2020-01-14,20:29:43.290,85,-397,-353,-144,-444,-356,204,0,0,0,-1024,973,-1,-1,0,-1,0,-1,-1,-1,0x0000000000000930,8.0
2020-01-14,20:29:43.790,97,-340,-286,-193,-397,-356,204,0,0,0,-1024,971,-1,-1,0,-1,0,-1,-1,-1,0x0000000000000930,8.0
2020-01-14,20:29:44.290,95,-344,-345,-96,-309,-356,204,0,0,0,-1024,973,-1,-1,0,-1,0,-1,-1,-1,0x0000000000000930,8.0
2020-01-14,20:29:44.790,74,44,35,-417,519,-355,204,0,0,0,-1024,973,-1,-1,0,-1,0,-1,-1,-1,0x0000000000000930,8.0
2020-01-14,20:29:45.290,98,-649,-433,-31,-584,-356,204,0,0,0,-1024,973,-1,-1,0,-1,0,-1,-1,-1,0x0000000000000930,8.0
2020-01-14,20:29:45.790,95,-206,-382,-627,177,-356,204,0,0,0,-1024,973,-1,-1,0,-1,0,-1,-1,-1,0x0000000000000930,8.0
2020-01-14,20:29:46.290,90,-104,193,-387,224,-356,204,0,0,0,-1024,971,-1,-1,0,-1,0,-1,-1,-1,0x0000000000000930,8.0
2020-01-14,20:29:46.790,94,470,-402,-150,389,-356,204,0,0,0,-1024,973,-1,-1,0,-1,0,-1,-1,-1,0x0000000000000930,8.0
2020-01-14,20:29:47.290,91,-478,-86,-215,-341,-356,204,0,0,0,-1024,973,-1,-1,0,-1,0,-1,-1,-1,0x0000000000000930,8.0
2020-01-14,20:29:47.790,101,-267,30,-349,84,-355,204,0,0,0,-1024,973,-1,-1,0,-1,0,-1,-1,-1,0x0000000000000930,8.0
2020-01-14,20:29:48.290,110,-157,-146,-466,-97,-356,204,0,0,0,-1024,973,-1,-1,0,-1,0,-1,-1,-1,0x0000000000000930,8.0
