Date,Time,VFAS(V),A4(V),Tmp1(@C),RSSI(dB),RxBt(V),Curr(A),Fuel(%),Rud,Ele,Thr,Ail,S1,6P,S2,EX1,EX2,LS,RS,SA,SB,SC,SD,SE,SF,SG,SH,LSW,TxBat(V)
2019-09-21,11:41:54.820,11.42,3.80,10001,92,4.9,0.6,2,-9,12,-1024,6,-333,204,138,0,0,-4,-1,-1,-1,0,-1,0,-1,-1,-1,0x0000000000000920,8.3
2019-09-21,11:41:54.850,11.42,3.80,10001,92,4.9,0.6,2,-9,12,-1024,6,-333,204,138,0,0,-4,-1,-1,-1,0,-1,0,-1,-1,-1,0x0000000000000920,8.3
2019-09-21,11:41:54.950,11.42,3.80,20001,92,4.9,0.5,2,-9,11,-1024,6,-333,204,138,0,0,-4,-1,-1,-1,0,-1,0,-1,-1,-1,0x0000000000000920,8.3
2019-09-21,11:41:55.050,11.41,3.80,20001,92,4.9,0.4,2,-9,11,-1024,6,-333,204,138,0,0,-4,-1,-1,-1,0,-1,0,-1,-1,-1,0x0000000000000920,8.3
2019-09-21,11:41:55.150,11.41,3.80,30001,92,4.9,0.3,2,-9,11,-1024,4,-334,204,137,0,0,-4,-1,-1,-1,0,-1,0,-1,-1,-1,0x0000000000000920,8.3
2019-09-21,11:41:55.250,11.41,3.80,30001,92,4.9,0.3,2,-9,11,-1024,6,-333,204,138,0,0,-4,-3,-1,-1,0,-1,0,-1,-1,-1,0x0000000000000920,8.3
2019-09-21,11:41:55.350,11.41,3.80,20005,92,4.9,0.4,2,-9,12,-1024,6,-334,204,138,0,0,-4,-3,-1,-1,0,-1,0,-1,-1,-1,0x0000000000000920,8.3
2019-09-21,11:41:55.450,11.38,3.79,20005,92,4.9,0.3,2,-9,12,-1024,6,-333,204,138,0,0,-4,-3,-1,-1,0,-1,0,-1,-1,-1,0x0000000000000920,8.3
2019-09-21,11:41:55.550,11.38,3.79,30005,92,4.9,0.5,2,-9,11,-1024,4,-334,204,138,0,0,-4,-1,-1,-1,0,-1,0,-1,-1,-1,0x0000000000000920,8.3
2019-09-21,11:41:55.650,11.38,3.79,10005,92,4.9,0.5,2,-9,12,-1024,4,-333,204,138,0,0,-4,-1,-1,-1,0,-1,0,-1,-1,-1,0x0000000000000920,8.3
2019-09-21,11:42:06.140,11.34,3.78,20001,92,4.9,0.7,4,-9,11,-1024,4,-333,204,137,0,0,-4,-3,-1,-1,0,-1,0,-1,-1,-1,0x0000000000000920,8.3
2019-09-21,11:42:06.230,11.35,3.78,20001,92,4.9,0.5,4,-9,11,-1024,6,-334,204,138,0,0,-4,-1,-1,-1,0,-1,0,-1,-1,-1,0x0000000000000920,8.3
2019-09-21,11:42:06.330,11.37,3.78,30001,92,4.9,0.5,4,-9,12,-1024,4,-334,204,138,0,0,-4,-3,-1,-1,0,-1,0,-1,-1,-1,0x0000000000000920,8.3
2019-09-21,11:42:06.430,11.37,3.78,30001,92,4.9,0.4,4,-9,12,-1024,6,-333,204,138,0,0,-3,-3,-1,-1,0,-1,0,-1,-1,-1,0x0000000000000920,8.3
2019-09-21,11:42:06.530,11.37,3.79,10001,92,4.9,0.5,4,-9,12,-1024,4,-333,204,138,0,0,-4,-3,-1,-1,0,-1,0,-1,-1,-1,0x0000000000000920,8.3
2019-09-21,11:42:06.630,11.37,3.79,20005,92,4.9,0.8,4,-9,12,-1024,6,-334,204,138,0,0,-4,-1,-1,-1,0,-1,0,-1,-1,-1,0x0000000000000920,8.3
2019-09-21,11:42:06.730,11.37,3.79,30005,92,4.9,0.8,4,-9,11,-1024,6,-334,204,138,0,0,-4,-3,-1,-1,0,-1,0,-1,-1,-1,0x0000000000000920,8.3
2019-09-21,11:42:06.830,11.37,3.78,10005,92,4.9,0.8,4,-9,11,-1024,6,-333,204,138,0,0,-3,-1,-1,-1,0,-1,0,-1,-1,-1,0x0000000000000920,8.3
2019-09-21,11:42:06.930,11.35,3.78,10005,95,4.9,0.7,4,-7,12,-1024,6,-334,204,137,0,0,-4,-3,-1,-1,0,-1,-1,-1,-1,-1,0x0000000000000920,8.3
2019-09-21,11:42:09.240,11.36,3.78,30002,96,4.9,0.6,5,-9,12,-1024,6,-333,204,137,0,0,-4,-1,-1,-1,0,-1,0,-1,-1,-1,0x0000000000000920,8.3
2019-09-21,11:42:09.330,11.36,3.79,10002,96,4.9,0.6,5,-7,11,-1024,6,-333,204,138,0,0,-4,-1,-1,-1,0,-1,0,-1,-1,-1,0x0000000000000920,8.3
2019-09-21,11:42:09.430,11.36,3.79,20001,96,4.9,0.4,5,-9,11,-1024,6,-333,204,137,0,0,-4,-1,-1,-1,0,-1,0,-1,-1,-1,0x0000000000000920,8.3
2019-09-21,11:42:09.530,11.36,3.79,20001,96,4.9,0.6,5,-9,11,-1024,6,-334,204,137,0,0,-4,-1,-1,-1,0,-1,0,-1,-1,-1,0x0000000000000920,8.3
2019-09-21,11:42:09.630,11.37,3.79,30001,96,4.9,0.4,5,-9,11,-1024,6,-334,204,137,0,0,-4,-3,-1,-1,0,-1,0,-1,-1,-1,0x0000000000000920,8.3
2019-09-21,11:42:09.730,11.37,3.79,10005,96,4.9,0.8,5,-9,11,-1024,6,-334,204,138,0,0,-4,-1,-1,-1,0,-1,0,-1,-1,-1,0x0000000000000920,8.3
2019-09-21,11:42:09.830,11.37,3.79,20005,96,4.9,0.8,5,-9,11,-1024,6,-334,204,138,0,0,-4,-1,-1,-1,0,-1,0,-1,-1,-1,0x0000000000000920,8.3
2019-09-21,11:42:09.930,11.37,3.79,20005,93,4.9,0.7,5,-10,12,-1024,6,-334,204,138,0,0,-4,-3,-1,-1,0,-1,0,-1,-1,-1,0x0000000000000920,8.3
2019-09-21,11:42:10.030,11.37,3.79,30005,93,4.9,0.8,5,-9,11,-1024,4,-333,204,138,0,0,-4,-3,-1,-1,0,-1,0,-1,-1,-1,0x0000000000000920,8.3
2019-09-21,11:42:10.130,11.36,3.78,10005,93,4.9,0.8,5,-9,11,-1024,4,-333,204,138,0,0,-3,-1,-1,-1,0,-1,0,-1,-1,-1,0x0000000000000920,8.3
2019-09-21,11:42:10.260,11.36,3.78,20005,93,4.9,0.6,5,-7,11,-1024,6,-333,204,138,0,0,-4,-1,-1,-1,0,-1,0,-1,-1,-1,0x0000000000000920,8.3
2019-09-21,11:42:10.360,11.36,3.78,30005,96,4.9,0.3,5,-7,11,-1024,6,-333,204,137,0,0,-4,-1,-1,-1,0,-1,0,-1,-1,-1,0x0000000000000920,8.3
2019-09-21,11:42:10.460,11.36,3.78,10005,96,4.9,0.6,5,-7,11,-1024,4,-333,204,137,0,0,-4,-1,-1,-1,0,-1,0,-1,-1,-1,0x0000000000000920,8.3
2019-09-21,11:42:10.560,11.36,3.78,10005,96,4.9,0.5,5,-7,12,-1024,4,-334,204,137,0,0,-4,-3,-1,-1,0,-1,0,-1,-1,-1,0x0000000000000920,8.3
2019-09-21,11:42:10.660,11.36,3.78,20005,96,4.9,0.5,5,-9,11,-1024,4,-334,204,138,0,0,-4,-3,-1,-1,0,-1,0,-1,-1,-1,0x0000000000000920,8.3
2019-09-21,11:42:10.760,11.36,3.78,30005,96,4.9,0.8,5,-9,11,-1024,4,-334,204,138,0,0,-4,-1,-1,-1,0,-1,0,-1,-1,-1,0x0000000000000920,8.3
2019-09-21,11:42:10.860,11.37,3.79,30005,93,4.9,0.7,5,-9,11,-1024,4,-334,204,138,0,0,-4,-3,-1,-1,0,-1,0,-1,-1,-1,0x0000000000000920,8.3
2019-09-21,11:42:10.960,11.37,3.79,10005,93,4.9,0.7,5,-9,11,-1024,4,-334,204,138,0,0,-4,-3,-1,-1,0,-1,0,-1,-1,-1,0x0000000000000920,8.3
2019-09-21,11:42:11.080,11.36,3.79,20005,93,4.9,0.8,5,-10,11,-1024,6,-333,204,138,0,0,-4,-1,-1,-1,0,-1,0,-1,-1,-1,0x0000000000000920,8.3
2019-09-21,11:42:11.180,11.36,3.79,30005,93,4.9,0.5,5,-9,11,-1024,4,-333,204,138,0,0,-4,-1,-1,-1,0,-1,0,-1,-1,-1,0x0000000000000920,8.3
2019-09-21,11:42:11.280,11.36,3.78,30005,95,4.9,0.5,5,-9,11,-1024,4,-333,204,138,0,0,-4,-1,-1,-1,0,-1,0,-1,-1,-1,0x0000000000000920,8.3
2019-09-21,11:42:11.380,11.36,3.78,10005,95,4.9,0.5,5,-7,12,-1024,4,-333,204,138,0,0,-3,-1,-1,-1,0,-1,0,-1,-1,-1,0x0000000000000920,8.3
2019-09-21,11:42:11.480,11.36,3.78,20005,95,4.9,0.3,5,-7,12,-1024,4,-333,204,138,0,0,-3,-1,-1,-1,0,-1,0,-1,-1,-1,0x0000000000000920,8.3
2019-09-21,11:42:11.580,11.36,3.78,30005,95,4.9,0.4,5,-7,12,-1024,6,-333,204,138,0,0,-4,-1,-1,-1,0,-1,0,-1,-1,-1,0x0000000000000920,8.3
2019-09-21,11:42:11.680,11.37,3.79,30005,95,4.9,0.4,5,-7,11,-1024,6,-333,204,138,0,0,-4,-3,-1,-1,0,-1,0,-1,-1,-1,0x0000000000000920,8.3
2019-09-21,11:42:11.780,11.37,3.79,10005,94,4.9,0.4,5,-7,12,-1024,6,-334,204,138,0,0,-4,-1,-1,-1,0,-1,0,-1,-1,-1,0x0000000000000920,8.3
2019-09-21,11:42:11.880,11.37,3.79,20005,94,4.9,0.8,5,-9,11,-1024,6,-333,204,137,0,0,-4,-1,-1,-1,0,-1,0,-1,-1,-1,0x0000000000000920,8.3
2019-09-21,11:42:11.980,11.37,3.79,20005,94,4.9,0.8,5,-9,11,-1024,7,-334,204,138,0,0,-4,-3,-1,-1,0,-1,0,-1,-1,-1,0x0000000000000920,8.3
2019-09-21,11:42:12.080,11.37,3.79,30005,94,4.9,0.3,5,-13,12,-1024,90,-334,204,138,0,0,-4,-3,-1,-1,0,-1,0,-1,-1,-1,0x0000000000000920,8.3
2019-09-21,11:42:12.180,11.37,3.79,30005,95,4.9,0.3,5,-12,49,-1008,84,-334,204,138,0,0,-4,-3,-1,-1,0,-1,0,-1,-1,-1,0x0000000000000930,8.3
2019-09-21,11:42:12.280,11.37,3.79,20005,95,4.9,0.4,5,-12,70,-801,114,-333,204,138,0,0,-3,-1,-1,-1,0,-1,0,-1,-1,-1,0x0000000000000930,8.3
2019-09-21,11:42:12.380,11.37,3.79,20005,95,4.9,0.7,5,-10,64,-801,136,-333,204,138,0,0,-3,-3,-1,-1,0,-1,0,-1,-1,-1,0x0000000000000930,8.3
2019-09-21,11:42:12.480,11.37,3.79,30005,95,4.9,0.7,5,-10,70,-800,139,-333,204,138,0,0,-4,-1,-1,-1,0,-1,0,-1,-1,-1,0x0000000000000930,8.3
2019-09-21,11:42:12.580,11.37,3.79,10005,94,4.9,0.4,5,-9,27,-801,6,-333,204,138,0,0,-4,-1,-1,-1,0,-1,0,-1,-1,-1,0x0000000000000930,8.3
2019-09-21,11:42:12.680,11.37,3.79,20005,94,4.9,0.8,5,-9,27,-801,6,-333,204,138,0,0,-4,-1,-1,-1,0,-1,0,-1,-1,-1,0x0000000000000930,8.3
2019-09-21,11:42:12.780,11.35,3.78,20005,94,4.9,0.7,5,-7,19,-801,-38,-334,204,138,0,0,-4,-1,-1,-1,0,-1,0,-1,-1,-1,0x0000000000000930,8.3
2019-09-21,11:42:12.880,11.32,3.77,30005,94,4.9,0.7,5,-9,22,-642,4,-334,204,138,0,0,-4,-1,-1,-1,0,-1,0,-1,-1,-1,0x0000000000000930,8.3
2019-09-21,11:42:12.980,11.32,3.77,10005,94,4.9,0.7,5,-9,19,-482,4,-334,204,137,0,0,-4,-3,-1,-1,0,-1,0,-1,-1,-1,0x0000000000000930,8.3
2019-09-21,11:42:13.080,11.32,3.77,10005,95,4.9,0.8,5,-9,16,-463,4,-334,204,137,0,0,-4,-3,-1,-1,0,-1,0,-1,-1,-1,0x0000000000000930,8.3
2019-09-21,11:42:13.180,11.32,3.77,20005,95,4.9,0.8,5,-9,-4,-400,4,-334,204,137,0,0,-4,-1,-1,-1,0,-1,0,-1,-1,-1,0x0000000000000930,8.3
2019-09-21,11:42:13.280,11.29,3.77,30005,95,4.9,0.8,5,-9,-58,-401,27,-334,204,138,0,0,-4,-1,-1,-1,0,-1,0,-1,-1,-1,0x0000000000000930,8.3
2019-09-21,11:42:13.380,11.29,3.77,10005,95,4.9,0.6,5,-9,9,-463,111,-334,204,138,0,0,-4,-3,-1,-1,0,-1,0,-1,-1,-1,0x0000000000000930,8.3
2019-09-21,11:42:13.480,11.21,3.73,10005,92,4.9,0.4,5,-9,12,-528,91,-333,204,138,0,0,-3,-3,-1,-1,0,-1,0,-1,-1,-1,0x0000000000000930,8.3
2019-09-21,11:42:13.580,11.17,3.71,20005,92,4.9,0.4,5,-9,12,-525,70,-333,204,138,0,0,-3,-3,-1,-1,0,-1,0,-1,-1,-1,0x0000000000000930,8.3
2019-09-21,11:42:13.680,11.17,3.71,30005,92,4.9,0.6,5,-10,12,-395,12,-333,204,138,0,0,-3,-3,-1,-1,0,-1,0,-1,-1,-1,0x0000000000000930,8.3
2019-09-21,11:42:13.780,11.07,3.69,10005,92,4.9,1.0,6,-9,98,265,-88,-334,204,138,0,0,-3,-1,-1,-1,0,-1,0,-1,-1,-1,0x0000000000000930,8.3
2019-09-21,11:42:13.880,11.04,3.68,10005,94,4.9,1.0,6,-7,120,-925,-139,-334,204,137,0,0,-4,-1,-1,-1,0,-1,0,-1,-1,-1,0x0000000000000930,8.3
2019-09-21,11:42:13.980,11.06,3.68,20005,94,4.9,0.7,6,-7,101,-1000,-59,-334,204,137,0,0,-4,-1,-1,-1,0,-1,0,-1,-1,-1,0x0000000000000930,8.3
2019-09-21,11:42:14.080,11.06,3.68,30005,94,4.9,0.7,6,-9,140,-879,-73,-333,204,137,0,0,-4,-1,-1,-1,0,-1,0,-1,-1,-1,0x0000000000000930,8.3
2019-09-21,11:42:14.180,11.02,3.66,30005,94,4.9,0.5,6,-9,25,-347,-73,-334,204,137,0,0,-4,-1,-1,-1,0,-1,0,-1,-1,-1,0x0000000000000930,8.3
2019-09-21,11:42:14.280,10.69,3.66,10005,94,4.9,0.5,6,-118,19,476,4,-334,204,137,0,0,-4,-1,-1,-1,0,-1,0,-1,-1,-1,0x0000000000000930,8.3
2019-09-21,11:42:14.380,10.69,3.55,20005,96,4.9,0.8,6,32,14,-512,4,-333,204,138,0,0,-4,-1,-1,-1,0,-1,0,-1,-1,-1,0x0000000000000930,8.3
2019-09-21,11:42:14.480,10.86,3.63,20005,96,4.9,0.9,6,-27,30,-1024,134,-334,204,138,0,0,-4,-3,-1,-1,0,-1,0,-1,-1,-1,0x0000000000000920,8.3
2019-09-21,11:42:14.580,10.97,3.65,30005,96,4.9,0.9,6,-9,-86,-1024,209,-334,204,138,0,0,-4,-1,-1,-1,0,-1,0,-1,-1,-1,0x0000000000000920,8.3
2019-09-21,11:42:14.680,10.97,3.65,10005,96,4.9,1.2,6,-9,-282,-911,210,-333,204,138,0,0,-4,-3,-1,-1,0,-1,0,-1,-1,-1,0x0000000000000930,8.3
2019-09-21,11:42:14.780,10.69,3.53,10005,96,4.9,0.6,6,-9,-78,-608,45,-333,204,138,0,0,-4,-3,-1,-1,0,-1,0,-1,-1,-1,0x0000000000000930,8.3
2019-09-21,11:42:14.880,10.45,3.48,30005,96,4.9,0.7,6,-10,6,-338,15,-333,204,138,0,0,-4,-3,-1,-1,0,-1,0,-1,-1,-1,0x0000000000000930,8.3
2019-09-21,11:42:14.980,10.55,3.52,30005,96,4.9,0.8,6,-12,72,-382,10,-333,204,138,0,0,-4,-1,-1,-1,0,-1,0,-1,-1,-1,0x0000000000000930,8.3
2019-09-21,11:42:15.080,10.72,3.58,10005,96,4.9,0.5,6,-10,30,-403,7,-333,204,137,0,0,-4,-1,-1,-1,0,-1,0,-1,-1,-1,0x0000000000000930,8.3
2019-09-21,11:42:15.180,10.72,3.58,20005,96,4.9,0.5,6,-9,14,-471,6,-333,204,137,0,0,-4,-1,-1,-1,0,-1,0,-1,-1,-1,0x0000000000000930,8.3
2019-09-21,11:42:15.280,10.77,3.59,20005,93,4.9,0.5,6,-7,74,-708,-34,-334,204,137,0,0,-4,-3,-1,-1,0,-1,0,-1,-1,-1,0x0000000000000930,8.3
2019-09-21,11:42:15.380,10.65,3.54,30005,93,4.9,1.0,6,-237,14,619,-205,-334,204,138,0,0,-4,-1,-1,-1,0,-1,0,-1,-1,-1,0x0000000000000930,8.3
2019-09-21,11:42:15.480,10.67,3.54,10005,93,4.9,1.0,6,142,12,-53,-110,-334,204,138,0,0,-4,-1,-1,-1,0,-1,0,-1,-1,-1,0x0000000000000930,8.3
2019-09-21,11:42:15.580,10.67,3.55,20005,93,4.9,0.5,6,-23,11,-1024,-80,-334,204,138,0,0,-4,-3,-1,-1,0,-1,0,-1,-1,-1,0x0000000000000920,8.3
2019-09-21,11:42:15.680,10.72,3.58,20005,93,4.9,0.4,6,-7,11,-1024,-49,-334,204,138,0,0,-4,-3,-1,-1,0,-1,0,-1,-1,-1,0x0000000000000920,8.3
2019-09-21,11:42:15.780,10.79,3.56,30005,93,4.9,0.4,6,-10,-47,-1024,1,-333,204,137,0,0,-4,-3,-1,-1,0,-1,0,-1,-1,-1,0x0000000000000920,8.3
2019-09-21,11:42:15.880,10.79,3.56,10005,93,4.9,0.4,6,-10,-154,-976,3,-333,204,138,0,0,-3,-3,-1,-1,0,-1,0,-1,-1,-1,0x0000000000000930,8.3
2019-09-21,11:42:15.980,10.19,3.39,20005,93,4.9,0.8,6,-10,-57,-642,3,-333,204,138,0,0,-4,-3,-1,-1,0,-1,0,-1,-1,-1,0x0000000000000930,8.3
2019-09-21,11:42:16.080,10.40,3.39,20005,93,4.9,0.8,6,-13,12,-304,1,-334,204,138,0,0,-4,-1,-1,-1,0,-1,0,-1,-1,-1,0x0000000000000930,8.3
2019-09-21,11:42:16.180,10.59,3.39,30005,93,4.9,0.8,6,-12,37,-307,3,-333,204,137,0,0,-4,-1,-1,-1,0,-1,0,-1,-1,-1,0x0000000000000930,8.3
2019-09-21,11:42:16.280,10.59,3.53,10005,93,4.9,0.5,6,-10,14,-373,6,-333,204,138,0,0,-4,-1,-1,-1,0,-1,0,-1,-1,-1,0x0000000000000930,8.3
2019-09-21,11:42:16.380,10.71,3.57,20005,93,4.9,0.5,6,-9,-13,-466,79,-333,204,137,0,0,-4,-1,-1,-1,0,-1,0,-1,-1,-1,0x0000000000000930,8.3
2019-09-21,11:42:16.480,10.77,3.59,20005,93,4.9,0.5,6,-9,-78,-617,108,-333,204,138,0,0,-4,-3,-1,-1,0,-1,0,-1,-1,-1,0x0000000000000930,8.3
2019-09-21,11:42:16.580,10.77,3.59,30005,91,4.9,0.5,6,-9,1,-620,125,-334,204,137,0,0,-4,-3,-1,-1,0,-1,0,-1,-1,-1,0x0000000000000930,8.3
2019-09-21,11:42:16.680,10.70,3.56,10005,91,4.9,0.7,6,-9,283,-423,9,-334,204,137,0,0,-4,-3,-1,-1,0,-1,0,-1,-1,-1,0x0000000000000930,8.3
2019-09-21,11:42:16.780,10.69,3.56,10005,91,4.9,0.7,6,-12,359,-422,7,-334,204,138,0,0,-4,-3,-1,-1,0,-1,0,-1,-1,-1,0x0000000000000930,8.3
2019-09-21,11:42:16.880,10.74,3.58,20005,91,4.9,1.0,6,-12,188,-423,7,-334,204,138,0,0,-4,-3,-1,-1,0,-1,0,-1,-1,-1,0x0000000000000930,8.3
2019-09-21,11:42:16.980,10.74,3.58,30005,95,4.9,1.0,6,-10,20,-425,30,-334,204,138,0,0,-4,-3,-1,-1,0,-1,0,-1,-1,-1,0x0000000000000930,8.3
2019-09-21,11:42:17.080,10.82,3.61,30005,95,4.9,1.1,6,-9,-178,-525,105,-333,204,138,0,0,-4,-3,-1,-1,0,-1,0,-1,-1,-1,0x0000000000000930,8.3
2019-09-21,11:42:17.180,10.82,3.60,10005,95,4.9,1.1,6,-9,-97,-525,4,-334,204,138,0,0,-3,-3,-1,-1,0,-1,0,-1,-1,-1,0x0000000000000930,8.3
2019-09-21,11:42:17.280,10.78,3.59,20005,95,4.9,1.1,6,-9,-60,-485,4,-333,204,138,0,0,-3,-1,-1,-1,0,-1,0,-1,-1,-1,0x0000000000000930,8.3
2019-09-21,11:42:17.380,10.78,3.59,30005,95,4.9,0.7,6,-280,-100,793,-99,-333,204,138,0,0,-4,-1,-1,-1,0,-1,0,-1,-1,-1,0x0000000000000930,8.3
2019-09-21,11:42:17.480,10.78,3.59,30005,94,4.9,0.7,6,-10,-32,611,-73,-333,204,138,0,0,-4,-3,-1,-1,0,-1,0,-1,-1,-1,0x0000000000000930,8.3
2019-09-21,11:42:17.580,10.79,3.60,10005,94,4.9,0.6,6,-4,-86,-1024,-27,-333,204,137,0,0,-4,-1,-1,-1,0,-1,0,-1,-1,-1,0x0000000000000920,8.3
2019-09-21,11:42:17.680,10.82,3.60,20005,94,4.9,0.6,6,-29,-86,-1024,0,-334,204,137,0,0,-4,-1,-1,-1,0,-1,0,-1,-1,-1,0x0000000000000920,8.3
2019-09-21,11:42:17.780,10.82,3.60,30005,94,4.9,1.0,6,-9,-50,-1024,1,-334,204,137,0,0,-6,-1,-1,-1,0,-1,0,-1,-1,-1,0x0000000000000920,8.3
2019-09-21,11:42:17.880,10.53,3.47,30005,95,4.9,1.0,6,-9,-18,-1024,3,-334,204,137,0,0,-6,-3,-1,-1,0,-1,0,-1,-1,-1,0x0000000000000920,8.3
2019-09-21,11:42:17.980,10.05,3.47,10005,95,4.9,1.0,6,-9,-38,-892,87,-334,204,138,0,0,-4,-3,-1,-1,0,-1,0,-1,-1,-1,0x0000000000000930,8.3
2019-09-21,11:42:18.080,10.05,3.36,20005,95,4.9,1.1,6,-9,9,-700,106,-334,204,138,0,0,-4,-3,-1,-1,0,-1,0,-1,-1,-1,0x0000000000000930,8.3
2019-09-21,11:42:18.180,10.30,3.44,30005,95,4.9,0.6,6,-9,85,-514,36,-333,204,138,0,0,-4,-3,-1,-1,0,-1,0,-1,-1,-1,0x0000000000000930,8.3
2019-09-21,11:42:18.280,10.52,3.51,30005,96,4.9,0.6,6,-9,106,-346,13,-333,204,138,0,0,-4,-3,-1,-1,0,-1,0,-1,-1,-1,0x0000000000000930,8.3
2019-09-21,11:42:18.380,10.66,3.55,10005,96,4.9,0.6,6,-9,143,-473,48,-333,204,138,0,0,-4,-3,-1,-1,0,-1,0,-1,-1,-1,0x0000000000000930,8.3
2019-09-21,11:42:18.480,10.66,3.55,20005,96,4.9,0.5,7,-7,162,-477,47,-333,204,138,0,0,-4,-3,-1,-1,0,-1,0,-1,-1,-1,0x0000000000000930,8.3
2019-09-21,11:42:18.580,10.73,3.57,20005,96,4.9,0.9,7,-7,143,-554,7,-333,204,137,0,0,-4,-1,-1,-1,0,-1,0,-1,-1,-1,0x0000000000000930,8.3
2019-09-21,11:42:18.680,10.74,3.57,30005,96,4.9,0.5,7,-7,183,-554,6,-334,204,138,0,0,-4,-1,-1,-1,0,-1,0,-1,-1,-1,0x0000000000000930,8.3
2019-09-21,11:42:18.780,10.74,3.57,10005,95,4.9,0.5,7,-7,275,-522,6,-334,204,138,0,0,-4,-1,-1,-1,0,-1,0,-1,-1,-1,0x0000000000000930,8.3
2019-09-21,11:42:18.880,10.66,3.55,20005,95,4.9,0.7,7,-7,108,-458,-18,-333,204,137,0,0,-4,-1,-1,-1,0,-1,0,-1,-1,-1,0x0000000000000930,8.3
2019-09-21,11:42:18.980,10.71,3.57,20005,95,4.9,1.1,7,-9,1,-395,-35,-333,204,137,0,0,-4,-1,-1,-1,0,-1,0,-1,-1,-1,0x0000000000000930,8.3
2019-09-21,11:42:19.080,10.77,3.59,30005,95,4.9,1.1,7,-9,-160,-388,-21,-333,204,137,0,0,-6,-1,-1,-1,0,-1,0,-1,-1,-1,0x0000000000000930,8.3
2019-09-21,11:42:19.180,10.77,3.59,10005,96,4.9,0.8,7,-10,-144,-357,-136,-334,204,138,0,0,-4,-3,-1,-1,0,-1,0,-1,-1,-1,0x0000000000000930,8.3
2019-09-21,11:42:19.280,10.79,3.60,10005,96,4.9,1.0,7,-9,-271,-327,-184,-334,204,138,0,0,-4,-3,-1,-1,0,-1,0,-1,-1,-1,0x0000000000000930,8.3
2019-09-21,11:42:19.380,10.79,3.59,20005,96,4.9,0.7,7,-9,-192,-323,-114,-334,204,138,0,0,-4,-3,-1,-1,0,-1,0,-1,-1,-1,0x0000000000000930,8.3
2019-09-21,11:42:19.480,10.75,3.58,20005,96,4.9,0.7,7,-9,0,-360,48,-333,204,138,0,0,-3,-1,-1,-1,0,-1,0,-1,-1,-1,0x0000000000000930,8.3
2019-09-21,11:42:19.580,10.75,3.58,10005,96,4.9,0.3,7,-9,-78,-471,116,-333,204,138,0,0,-3,-3,-1,-1,0,-1,0,-1,-1,-1,0x0000000000000930,8.3
2019-09-21,11:42:19.680,10.74,3.58,10005,93,4.9,0.3,7,-9,3,-469,137,-333,204,138,0,0,-3,-1,-1,-1,0,-1,0,-1,-1,-1,0x0000000000000930,8.3
2019-09-21,11:42:19.780,10.67,3.55,20005,93,4.9,0.3,7,-9,4,-471,47,-333,204,138,0,0,-4,-3,-1,-1,0,-1,0,-1,-1,-1,0x0000000000000930,8.3
2019-09-21,11:42:19.880,10.67,3.55,30005,93,4.9,0.4,7,-7,8,-469,90,-333,204,138,0,0,-4,-1,-1,-1,0,-1,0,-1,-1,-1,0x0000000000000930,8.3
2019-09-21,11:42:19.980,10.64,3.54,10005,93,4.9,0.7,7,-7,9,-425,97,-333,204,138,0,0,-4,-1,-1,-1,0,-1,0,-1,-1,-1,0x0000000000000930,8.3
2019-09-21,11:42:20.080,10.68,3.56,10005,92,4.9,0.7,7,-10,11,-425,58,-334,204,137,0,0,-4,-1,-1,-1,0,-1,0,-1,-1,-1,0x0000000000000930,8.3
2019-09-21,11:42:20.180,10.71,3.56,20005,92,4.9,0.7,7,-9,79,-425,13,-334,204,138,0,0,-4,-3,-1,-1,0,-1,0,-1,-1,-1,0x0000000000000930,8.3
2019-09-21,11:42:20.280,10.71,3.56,30005,92,4.9,0.7,7,-7,190,-425,-27,-333,204,137,0,0,-4,-1,-1,-1,0,-1,0,-1,-1,-1,0x0000000000000930,8.3
2019-09-21,11:42:20.380,10.72,3.57,10005,92,4.9,0.7,7,-7,82,-523,-68,-334,204,138,0,0,-4,-3,-1,-1,0,-1,0,-1,-1,-1,0x0000000000000930,8.3
2019-09-21,11:42:20.480,10.72,3.57,10005,92,4.9,0.7,7,-7,27,-525,-43,-333,204,138,0,0,-4,-3,-1,-1,0,-1,0,-1,-1,-1,0x0000000000000930,8.3
2019-09-21,11:42:20.580,10.74,3.57,20005,93,4.9,0.7,7,-7,-1,-525,-6,-334,204,138,0,0,-4,-3,-1,-1,0,-1,0,-1,-1,-1,0x0000000000000930,8.3
2019-09-21,11:42:20.680,10.74,3.57,30005,93,4.9,0.7,7,-9,-6,-525,-1,-334,204,138,0,0,-4,-3,-1,-1,0,-1,0,-1,-1,-1,0x0000000000000930,8.3
2019-09-21,11:42:20.780,10.73,3.57,30005,93,4.9,0.4,7,-9,11,-419,3,-333,204,138,0,0,-4,-1,-1,-1,0,-1,0,-1,-1,-1,0x0000000000000930,8.3
2019-09-21,11:42:20.880,10.73,3.58,10005,93,4.9,0.3,7,-12,11,-488,9,-334,204,138,0,0,-4,-3,-1,-1,0,-1,0,-1,-1,-1,0x0000000000000930,8.3
2019-09-21,11:42:20.980,10.78,3.59,20005,90,4.9,0.3,7,-10,11,-490,7,-334,204,138,0,0,-4,-1,-1,-1,0,-1,0,-1,-1,-1,0x0000000000000930,8.3
2019-09-21,11:42:21.080,10.79,3.59,30005,90,4.9,0.6,7,-9,9,-463,6,-334,204,138,0,0,-4,-1,-1,-1,0,-1,0,-1,-1,-1,0x0000000000000930,8.3
2019-09-21,11:42:21.180,10.79,3.60,10005,90,4.9,0.4,7,-9,9,-460,6,-333,204,137,0,0,-4,-1,-1,-1,0,-1,0,-1,-1,-1,0x0000000000000930,8.3
2019-09-21,11:42:21.280,10.78,3.59,10005,90,4.9,0.4,7,-9,9,-393,4,-334,204,137,0,0,-4,-1,-1,-1,0,-1,0,-1,-1,-1,0x0000000000000930,8.3
2019-09-21,11:42:21.380,10.78,3.59,20005,92,4.9,0.4,7,-9,8,-393,4,-334,204,138,0,0,-4,-3,-1,-1,0,-1,0,-1,-1,-1,0x0000000000000930,8.3
2019-09-21,11:42:21.480,10.77,3.58,30005,92,4.9,0.5,7,-9,9,-423,4,-334,204,138,0,0,-4,-3,-1,-1,0,-1,0,-1,-1,-1,0x0000000000000930,8.3
2019-09-21,11:42:21.580,10.77,3.59,10005,92,4.9,0.4,7,-9,11,-425,6,-334,204,138,0,0,-4,-3,-1,-1,0,-1,0,-1,-1,-1,0x0000000000000930,8.3
2019-09-21,11:42:21.680,10.76,3.58,10005,92,4.9,1.0,7,-9,11,-527,6,-334,204,138,0,0,-4,-3,-1,-1,0,-1,0,-1,-1,-1,0x0000000000000930,8.3
2019-09-21,11:42:21.780,10.74,3.58,20005,92,4.9,1.0,7,-10,11,-527,22,-333,204,138,0,0,-4,-3,-1,-1,0,-1,0,-1,-1,-1,0x0000000000000930,8.3
2019-09-21,11:42:21.880,10.74,3.58,30005,92,4.9,0.9,7,-9,9,-525,15,-334,204,138,0,0,-4,-3,-1,-1,0,-1,0,-1,-1,-1,0x0000000000000930,8.3
2019-09-21,11:42:21.980,10.74,3.57,10005,92,4.9,0.7,7,-9,6,-525,9,-333,204,138,0,0,-3,-3,-1,-1,0,-1,0,-1,-1,-1,0x0000000000000930,8.3
2019-09-21,11:42:22.080,10.72,3.57,10005,92,4.9,0.9,7,-9,8,-415,7,-334,204,138,0,0,-4,-1,-1,-1,0,-1,0,-1,-1,-1,0x0000000000000930,8.3
2019-09-21,11:42:22.180,10.76,3.57,20005,92,4.9,0.9,7,-10,9,-496,6,-333,204,137,0,0,-4,-1,-1,-1,0,-1,0,-1,-1,-1,0x0000000000000930,8.3
2019-09-21,11:42:22.280,10.76,3.58,20005,92,4.9,0.5,7,-9,11,-533,6,-334,204,138,0,0,-4,-1,-1,-1,0,-1,0,-1,-1,-1,0x0000000000000930,8.3
2019-09-21,11:42:22.380,10.79,3.59,30005,92,4.9,0.8,7,-9,11,-531,4,-334,204,137,0,0,-4,-1,-1,-1,0,-1,0,-1,-1,-1,0x0000000000000930,8.3
2019-09-21,11:42:22.480,10.78,3.59,10005,92,4.9,0.8,7,-9,11,-530,4,-334,204,138,0,0,-4,-3,-1,-1,0,-1,0,-1,-1,-1,0x0000000000000930,8.3
2019-09-21,11:42:22.580,10.78,3.59,20005,92,4.9,0.6,7,-9,11,-747,4,-334,204,138,0,0,-6,-1,-1,-1,0,-1,0,-1,-1,-1,0x0000000000000930,8.3
